"source","url","title","sentiment_score","word_count","avg_sentiment"
"Capitol Hill Seattle","https://www.capitolhillseattle.com/2011/06/chs-pics-louis-back-in-fighting-form/","CHS Capitol Hill Seattle News CHS Pics: Louis back in fighting form LATEST CHS SUBSCRIBER TOTAL: 1,236",8,5,1.6
"Capitol Hill Seattle","https://www.capitolhillseattle.com/2011/06/connecting-to-the-core-of-parenting-and-relationships/","CHS Capitol Hill Seattle News Connecting to the Core of Parenting and Relationships LATEST CHS SUBSCRIBER TOTAL: 1,236",37,41,0.902439024390244
"Capitol Hill Seattle","https://www.capitolhillseattle.com/2011/06/news-alert-cal-anderson-fountain-is-working-again/","CHS Capitol Hill Seattle News News alert: Cal Anderson fountain is working again LATEST CHS SUBSCRIBER TOTAL: 1,236",8,8,1
"Capitol Hill Seattle","https://www.capitolhillseattle.com/2019/06/subscribe-to-chs/","CHS Capitol Hill Seattle News Subscribe to CHS LATEST CHS SUBSCRIBER TOTAL: 1,236",1,2,0.5
"Capitol Hill Seattle","https://www.capitolhillseattle.com/2025/08/here-is-where-seattle-mayor-and-police-want-new-real-time-crime-center-cameras-on-capitol-hill-and-in-the-central-district/","Here is where Seattle mayor and police want new â€˜Real Time Crime Centerâ€™ cameras on Capitol Hill and in the Central District",-6,2,-3
"Capitol Hill Seattle","https://www.capitolhillseattle.com/2025/08/post-options-fire-cause-ruled-to-be-accidental-fundraiser-underway/","Post Options fire cause ruled to be accidental, fundraiser underway",-8,6,-1.33333333333333
"Capitol Hill Seattle","https://www.capitolhillseattle.com/about-chs/","CHS Capitol Hill Seattle News About CHS LATEST CHS SUBSCRIBER TOTAL: 1,236",12,7,1.71428571428571
"Capitol Hill Seattle","https://www.capitolhillseattle.com/archive/community/","CHS Capitol Hill Seattle News Category Archives: Community Capitol Hill Community Post | After a hate crime runaround by SPD, here is why we need queer-led safety on Capitol Hill Capitol Hill Community Post | Espresso Vivace celebrates its 37th Anniversary On the List | April Capitol Hill Art Walk, Record Store Day 2025, Cal Anderson cleanup, last weekend for Moisture Festival WEDNESDAY THURSDAY Capitol Hill Community Post | Link light rail service will be temporarily suspended between Capitol Hill and SODO stations on Sunday, Feb. 23 Capitol Hill Community Post | 2024 Seattle Queer Film Festival Capitol Hill Community Post | Short on talk, long in Action, We Heart Seattle transforms lives and Seattle for the better â€” OPINION Capitol Hill Community Post | Donâ€™t Be Fooled, Even in Blue Seattle, Far Right Ideology is Hiding in Plain Sight â€” OPINION Capitol Hill Community Post | Stop Seattle Public School Closures Capitol Hill Community Post | Madison Beach Survey Capitol Hill Community Post | Capitol Hill Garage Sale Day 2024 is August 11th LATEST CHS SUBSCRIBER TOTAL: 1,236",-1,80,-0.0125
"Capitol Hill Seattle","https://www.capitolhillseattle.com/archive/crime/","CHS Capitol Hill Seattle News Category Archives: Crime Here is where Seattle mayor and police want new â€˜Real Time Crime Centerâ€™ cameras on Capitol Hill and in the Central District 911 | Firefighter threat arrest and arson swarm on 23rd Ave, street party takeover fills E Pike, QFC booze hold-up Mayor touts Seattle Police recruitment moving past 100 new hires so far in 2025 Police: Man suffers â€˜grazeâ€™ wound to head in shooting during Broadway/Fir fight 911 | Broadway gunfire, Cal Anderson BB gun robbery, Amazon driver armed hold-up â€” UPDATE: Montlake â€˜swattingâ€™ Police: Suspect in First Hill â€˜drug squatâ€™ murder arrested For first time since pandemic, King County Superior Court handled more than 5,000 criminal cases last year Large police response as cops struggle with suspect in late night incident at Denny Blaine Park 911 | Cops report run-ins with Cal Anderson â€˜Anti-Fash Fourth Bashâ€™ crowd Police search for suspect after shooting in fight at packed Capitol Hill bar sends one to hospital â€” UPDATE LATEST CHS SUBSCRIBER TOTAL: 1,236",-57,59,-0.966101694915254
"Capitol Hill Seattle","https://www.capitolhillseattle.com/archive/food-drink/","CHS Capitol Hill Seattle News Category Archives: Food & Drink After its sibling bar shuttered last week, Capitol Hillâ€™s Stateside restaurant is also a goner Say goodbye to the Foreign National as Statesideâ€™s neighbor bar shuts down Paper Fan: Hidden above a Capitol Hill spicy noodle shop, this tea-infused cocktail bar is not a secret Fostering communities and open mics, Capitol Hillâ€™s Hopvine Pub is turning 30 Mintish, a â€˜LevantineðŸ‡µðŸ‡¸ðŸ‡¯ðŸ‡´ðŸ‡±ðŸ‡§ðŸ‡¸ðŸ‡¾-inspired Coffee Houseâ€™ with Seattle vibes, coming to Capitol Hill ChamorikÃ©n has become a Capitol Hill bar food star â€” Its owners face recovery after car crash Junbiâ€™s matcha and soft-serve set to fill in a little piece of E Pike The Capitol Hill Class of 2024: Guillotine cutting through the challenges in hopes of growing the Broadway scene Colibri Mexican Kitchen is now serving family style on Capitol Hill Goodbye to Gold Bar â€” and Afterlife â€” on E Olive Way LATEST CHS SUBSCRIBER TOTAL: 1,236",34,45,0.755555555555556
"Capitol Hill Seattle","https://www.capitolhillseattle.com/archive/news-etc/","CHS Capitol Hill Seattle News Category Archives: News, etc. After its sibling bar shuttered last week, Capitol Hillâ€™s Stateside restaurant is also a goner Here is where Seattle mayor and police want new â€˜Real Time Crime Centerâ€™ cameras on Capitol Hill and in the Central District 911 | Firefighter threat arrest and arson swarm on 23rd Ave, street party takeover fills E Pike, QFC booze hold-up Post Options fire cause ruled to be accidental, fundraiser underway Say goodbye to the Foreign National as Statesideâ€™s neighbor bar shuts down Capitol Hill Community Post | After a hate crime runaround by SPD, here is why we need queer-led safety on Capitol Hill Paper Fan: Hidden above a Capitol Hill spicy noodle shop, this tea-infused cocktail bar is not a secret â€˜Your Voice Mattersâ€™ â€” Police Commission seeks â€˜community members impactedâ€™ by Seattle Police crackdown on Cal Anderson May 24 protest Post Options building damaged in fire at 12th and Pike â€” UPDATE Fostering communities and open mics, Capitol Hillâ€™s Hopvine Pub is turning 30 LATEST CHS SUBSCRIBER TOTAL: 1,236",-49,84,-0.583333333333333
"Capitol Hill Seattle","https://www.capitolhillseattle.com/archive/uncategorized/","CHS Capitol Hill Seattle News Category Archives: Uncategorized $4.15 million later, Capitol Hillâ€™s Colman Automotive building restored to 1916 glory On the List | Wildrose turns 28, MOHAI grand opening, Black Coffee open mic!3{2}(+7 more) Blotter | Christmas gunpoint robbery on Capitol Hill, alley phone mugging, light rail art theft Capitol Hill food+drink | Pie Bar, Kedai Makan coming to E Olive Way LEGO Daycamps with 100,000 Lego pieces: Jan 2 to 4, 2013 Capitol Hill Christmas Card 2012 â€” Melrose at Pine A diorama Volunteer Park holiday Capitol Hill Christmas 2012 Open Thread â€” Including whatâ€™s open, Christmas Eve services 1 Year Ago This Week on Capitol Hill Blotter | Indecent Santa reported in Hill bar, SPD taser arrest on E Pike LATEST CHS SUBSCRIBER TOTAL: 1,236",6,167,0.0359281437125748
"Capitol Hill Seattle","https://www.capitolhillseattle.com/capitol-hill-traffic-cameras/","CHS Capitol Hill Seattle News Capitol Hill Traffic Cameras LATEST CHS SUBSCRIBER TOTAL: 1,236",-4,13,-0.307692307692308
"Capitol Hill Seattle","https://www.capitolhillseattle.com/scanner/","CHS Capitol Hill Seattle News CHS Scanner LATEST CHS SUBSCRIBER TOTAL: 1,236",1,2,0.5
"Capitol Hill Seattle","https://www.capitolhillseattle.com/shopthehill/","CHS Capitol Hill Seattle News Shop the Hill LATEST CHS SUBSCRIBER TOTAL: 1,236",7,5,1.4
"KING 5","https://www.king5.com/article/news/crime/man-arrested-victim-dies-shooting-northgate/281-a8f25382-1bb9-4c81-93d2-31eb123becc9","Man arrested after victim dies from shooting at Northgate Transit Center",-12,4,-3
"KING 5","https://www.king5.com/article/news/crime/man-killed-shooting-near-uw-campus-suspect-fled/281-8bac91fc-892d-427a-b852-931590e3479b","Suspect intentionally guns down young father outside church near UW, witnesses and police say",-4,3,-1.33333333333333
"KING 5","https://www.king5.com/article/news/crime/man-shot-in-chest-along-seattle-waterfront/281-7f8588ce-de76-4dd9-b034-9f1a96b16931","Man shot in chest at Seattle waterfront; suspect in custody",-2,3,-0.666666666666667
"KING 5","https://www.king5.com/article/news/local/gardening-program-young-offenders-seeds-of-change/281-6154122e-c67a-44fc-ada1-b12610d59c72","Gardening program gives young offenders 'Seeds of Change'",1,2,0.5
"KING 5","https://www.king5.com/article/news/local/seattle-magnuson-gas-works-park-safety/281-87b1464c-3320-4c83-b977-5d6edb108682","Seattle cracks down on after-hours parties at Magnuson, Gas Works parks",-1,1,-1
"KING 5","https://www.king5.com/article/news/local/seattle-police-chief-targets-sex-trafficking-irresponsible-business-owners/281-5371b7fd-06ec-45b7-ab28-03a99bb81772","Six months in, Seattle police chief targets sex trafficking and 'irresponsible' business owners",0,4,0
"KING 5","https://www.king5.com/article/news/local/seattle/driver-killed-car-vs-fire-track-collision-seattle/281-4eeea496-4159-4092-80e0-f4f8a3f9510c","Driver killed in Seattle fire truck collision",-11,5,-2.2
"KING 5","https://www.king5.com/article/news/local/seattle/seattle-police-officer-crash/281-fd36ef4c-46ec-407b-b456-22ad13f198d5","Seattle police officer ran red light before t-bone crash, Uber driver, passenger say",-4,2,-2
"KING 5","https://www.king5.com/article/news/local/suspect-in-fatal-sodo-stabbing-had-felony-record-civilians-helped-to-find-her/281-b7e6efdc-1eff-4ec5-94b7-015235ccd9f9","Suspect identified in Seattle stabbing after citizen tip, surveillance",-7,3,-2.33333333333333
"KING 5","https://www.king5.com/article/news/politics/elections/tacoma-mayoral-race-candidates-primary-election/281-27a7f549-e88b-4b3e-8f6a-e07b5d9c693d","Tacoma mayoral race: Six candidates vie to become mayor in primary election",-1,1,-1
"KIRO 7","https://twitter.com/KIRO7Seattle/","JavaScript is not available.",4,2,2
"KIRO 7","https://www.kiro7.com/aquarium/","Seattle Aquarium's Ocean Pavilion VIDEO: Endangered Leopard shark at Seattle Aquarium's Ocean Pavilion KIRO 7 Exclusive: Seattle Aquarium welcomes new creatures to Ocean Pavilion expansion Exclusive look at new Ocean Pavilion at Seattle Aquarium ahead of its opening Seattle Aquarium's Ocean Pavilion timelapse Photos: Seattle Aquarium's Ocean Pavilion Seattle Aquarium's Ocean Pavilion - Drone Discover Northwest - Seattle Aquarium Seattle Aquarium's Ocean Pavilion sign installation timelapse Latest Trending Josh Brolin says he has â€˜trepidationâ€™ about â€˜The Gooniesâ€™ sequel Ricochet nets pro golfer hole-in-one at AIG Womenâ€™s Open United Airlines pilot declares mayday after takeoff Gary Busey pleads guilty to criminal sexual contact; admitted to touching woman inappropriately Whale dies after collision with boat at Jersey Shore",0,10,0
"KIRO 7","https://www.kiro7.com/hitandmiss/","Hit and Miss with Monique Ming Laven: Drag Queen Irene the Alien Hit and Miss with Monique Ming Laven: Fashion Designer Luly Yang Hit and Miss with Monique Ming Laven: Astronaut Dottie Metcalf-Lindenburger Hit and Miss with Monique Ming Laven: Chef & Food Writer Kenji Lopez-Alt Hit and Miss with Monique Ming Laven: Daniel Lyon, Fire Survivor Broadcast Legend Deborah Horne Travel Guru Rick Steves Pat Chun, UW Athletics Director Molly Moon Neitzel, Ice Cream Entrepreneur Daniel James Brown, Boys in the Boat author Latest Trending Josh Brolin says he has â€˜trepidationâ€™ about â€˜The Gooniesâ€™ sequel Ricochet nets pro golfer hole-in-one at AIG Womenâ€™s Open United Airlines pilot declares mayday after takeoff Gary Busey pleads guilty to criminal sexual contact; admitted to touching woman inappropriately Whale dies after collision with boat at Jersey Shore",-57,54,-1.05555555555556
"KIRO 7","https://www.kiro7.com/jobs/","Community Transit Washington Health Care Authority UnCruise Adventures Employment News The art of interviewing: How to stand out, make a good first impression quickly How AI can help you prepare for a job interview More than 200 Expedia employees to be laid off this spring â€˜Coming days are going to be toughâ€™ as REI announces layoffs for hundreds Microsoft lays off 1,900 employees in its gaming division Despite store closures, Rite Aid hiring dozens for Des Moines warehouse UPS to recruit 100,000 workers for 2023 holiday season 53 Washington Post Offices participating in Thursday hiring event Hiring: U.S. Postal Service holding job fairs Feb. 23 to 28 SeaTac will have highest minimum wage in the nation next year Latest Videos VIDEO: Bakeshop bounces back after fire VIDEO: Police chief responds to violence in Seattle VIDEO: Double amputee from Gaza arrives in Seattle VIDEO: 104 tiny homes added in Seattle VIDEO: Free admission to National Parks today VIDEO: Seattle bar to reopen after fire causes damage VIDEO: 2025 Primary Election ballots due Tuesday VIDEO: Vigil for man killed outside of a U-District church VIDEO: Student loan interest resumes Latest Trending Josh Brolin says he has â€˜trepidationâ€™ about â€˜The Gooniesâ€™ sequel Ricochet nets pro golfer hole-in-one at AIG Womenâ€™s Open United Airlines pilot declares mayday after takeoff Gary Busey pleads guilty to criminal sexual contact; admitted to touching woman inappropriately Whale dies after collision with boat at Jersey Shore",-13,16,-0.8125
"KIRO 7","https://www.kiro7.com/live-breaking/","Live Streams KIRO 7 Now KIRO 24/7 News KIRO Weather 24/7 StreamAmericaâ„¢ Clark Howard's advice & cooking on a budget Inside look at law enforcement & true crime Your one-stop shop for delicious dishes Documentaries that enlighten & entertain In-depth reporting & trending stories Top Local Stories VIDEO: Bakeshop bounces back after fire VIDEO: Police chief responds to violence in Seattle VIDEO: Double amputee from Gaza arrives in Seattle VIDEO: 104 tiny homes added in Seattle VIDEO: Free admission to National Parks today VIDEO: Seattle bar to reopen after fire causes damage VIDEO: 2025 Primary Election ballots due Tuesday VIDEO: Vigil for man killed outside of a U-District church VIDEO: Student loan interest resumes VIDEO: 12-year-old killed by brain eating amoeba VIDEO: Red Cross donation center opens VIDEO: Manhunt for two separate attacks VIDEO: Joe Kent to lead National Counterterrorism Center VIDEO: Lollapalooza and wildfire smoke VIDEO: Popular bar reopens after fire damages building VIDEO: Two murders in SODO just blocks from each other VIDEO: Tsunami aftermath VIDEO: Boat catches on fire in Renton VIDEO: Pirate Karaoke VIDEO: Futuristic ferry test run Raw Video RAW: Car crashes into teriyaki restaurant RAW: Bryan Kohberger traffic stop RAW: Snohomish garbage truck fire 3 RAW: Snohomish garbage truck fire 2 RAW: Snohomish garbage truck fire 1 Snohomish deputy saves child trapped in accidentally locked car RAW: Ichiro display in Cooperstown RAW: Tacoma Hit-and-Run RAW: 123rd Ave Fire VIDEO: Jazzmin Kernodle, sister of Xana Kernodle, addresses Bryan Kohberger VIDEO: Family of Kaylee Goncalves addresses media after sentencing of Bryan Kohberger VIDEO: Family of Madison Mogen addresses media after sentencing of Bryan Kohberger VIDEO: Prosecutor Bill Thompson addresses court prior to sentencing of Bryan Kohberger VIDEO: Scott Laramie, stepfather of Madison Mogen, addresses Bryan Kohberger VIDEO: Attorney for the family of Madison Mogen addresses Bryan Kohberger VIDEO: Ben Mogen, father of Madison Mogen, addresses Bryan Kohberger VIDEO: Jeff Kernodle, father of Xana Kernodle, addresses Bryan Kohberger VIDEO: Statement of Bethany Funke, roommate of Idaho murder victims, addressing Bryan Kohberger VIDEO: Dylan Mortensen, roommate of Idaho murder victims, addresses Bryan Kohberger Alivea Goncalves, sister of Kaylee Goncalves, addresses Bryan Kohberger Weather Forecast for Monday Noon Aug 4 Pet Walk Forecast for Monday",-47,34,-1.38235294117647
"KIRO 7","https://www.kiro7.com/more/","About Kiro 7 Contact Us Download Our Apps Meet Us Job OpportunitiesOpens in new window More Headlines Two deadly shootings occur just hours apart in Seattleâ€™s SODO neighborhood; police chief responds Man drives into Seattle Fire truck multiple times after offering firefighters â€˜whippitsâ€™ 5-year-old dies after being found unconscious while swimming in Pierce County Rolled semi blocks I-5 offramp in Seattle for several hours Seattle gears up for driverless cars Lanes reopened on SB I-405 in Bellevue after collision halts traffic during Monday morning commute Two arrested following crash after road rage shooting in West Seattle Whitneyâ€™s Law: Petition to change AMBER Alert system after death of Decker girls Washington Primary Election: King County Executive race New technology aims to end wrong-way crashes on WA highways Latest Videos VIDEO: Bakeshop bounces back after fire VIDEO: Police chief responds to violence in Seattle VIDEO: Double amputee from Gaza arrives in Seattle VIDEO: 104 tiny homes added in Seattle VIDEO: Free admission to National Parks today VIDEO: Seattle bar to reopen after fire causes damage VIDEO: 2025 Primary Election ballots due Tuesday VIDEO: Vigil for man killed outside of a U-District church VIDEO: Student loan interest resumes Latest Trending Josh Brolin says he has â€˜trepidationâ€™ about â€˜The Gooniesâ€™ sequel Ricochet nets pro golfer hole-in-one at AIG Womenâ€™s Open United Airlines pilot declares mayday after takeoff Gary Busey pleads guilty to criminal sexual contact; admitted to touching woman inappropriately Whale dies after collision with boat at Jersey Shore Latest Photo Galleries PHOTOS: One dead in crash with fire truck in North Seattle PHOTOS: Three semi truck crash blocks four lanes on I-5 in Fife PHOTOS: Tacoma Humane waives adoption fees this weekend for nationwide â€˜Clear the Sheltersâ€™ campaign PHOTOS: Suquamish PD officer rescues injured eagle PHOTOS: KIRO 7 Cares Christmas in July Toy Drive PHOTOS: Child surprises Pierce Co. deputies, thanks them for rescue",-41,28,-1.46428571428571
"KIRO 7","https://www.kiro7.com/news/investigates/","Meet Our Investigators",2,2,1
"KIRO 7","https://www.kiro7.com/news/kiro-news-app/","No title",2,2,1
"KIRO 7","https://www.kiro7.com/news/local","Local 62-year-old man drowns in Kachess Lake Man drives into Seattle Fire truck multiple times after offering firefighters â€˜whippitsâ€™ Washington Primary Election: Mayor of Everett Washington Primary Election: Seattle mayoral race Washington Primary Election: Mayor of Tacoma Washington Primary Election: Seattle City Attorney Everything you need to know for the Aug. 5 Washington Primary Election Two arrested following crash after road rage shooting in West Seattle Rolled semi blocks I-5 offramp in Seattle for several hours Woodinville siblings give student athletes a reason to smile through nonprofit Washington Primary Election: King County Executive race Tolls are coming for new SR 509 Expressway to Sea-Tac Airport Seattle gears up for driverless cars Whitneyâ€™s Law: Petition to change AMBER Alert system after death of Decker girls Microsoft CTO sells Bellevue waterfront mansion in one of 2025â€™s top sales Kopachuck State Park reopens after year-long closure. Hereâ€™s whatâ€™s changed. East Creek Fire closes several Whatcom County trails VIDEO: Bakeshop bounces back after fire VIDEO: Police chief responds to violence in Seattle VIDEO: Double amputee from Gaza arrives in Seattle VIDEO: 104 tiny homes added in Seattle VIDEO: Free admission to National Parks today VIDEO: Seattle bar to reopen after fire causes damage VIDEO: 2025 Primary Election ballots due Tuesday Washington saw biggest construction job loss in U.S. over past year WA businesses: Americans will end up paying for tariffs Microsoft lists dishwashers, roofers among jobs least threatened by AI Howard Schultz encourages Starbucks workers to support new leadershipâ€™s plan Amazon cites AI for Q2 profit jump Lanes reopened on SB I-405 in Bellevue after collision halts traffic during Monday morning commute Latest Trending Josh Brolin says he has â€˜trepidationâ€™ about â€˜The Gooniesâ€™ sequel Ricochet nets pro golfer hole-in-one at AIG Womenâ€™s Open United Airlines pilot declares mayday after takeoff Gary Busey pleads guilty to criminal sexual contact; admitted to touching woman inappropriately Whale dies after collision with boat at Jersey Shore",-37,28,-1.32142857142857
"KIRO 7","https://www.kiro7.com/news/local/1-killed-shooting-near-u-district-church-search-suspect/V32RRZXDOJE3PAJ4UPDBSGJLT4/","Burning car tied to deadly U-District church shooting found in Phinney Ridge",-3,2,-1.5
"KIRO 7","https://www.kiro7.com/news/local/boat-catches-fire-everett-marina-fuel-dock/JRAEJINLR5DVPN2HGUB62CJETI/","Four people rescued from boat on fire at Everett Marina fuel dock",-4,4,-1
"KIRO 7","https://www.kiro7.com/news/local/boat-fire-renton-leaves-one-injured/QUBJWWMNU5EUHN4QNYEEC6EAU4/","Boat fire in Renton leaves one injured",-8,4,-2
"KIRO 7","https://www.kiro7.com/news/local/body-worn-video-shows-what-happened-moments-before-lummi-tribal-officer-was-shot/WC6ANCZ3VZECJC6CMC5DIJBE2Q/","Body worn video shows what happened moments before a Lummi Tribal Officer was shot",-5,3,-1.66666666666667
"KIRO 7","https://www.kiro7.com/news/local/collision-blocks-lanes-sb-i-405-bellevue-during-monday-morning-commute/YFSMIG2YWFGGTPQ3WQ5UVKQ5M4/","Lanes reopened on SB I-405 in Bellevue after collision halts traffic during Monday morning commute",-7,10,-0.7
"KIRO 7","https://www.kiro7.com/news/local/family-left-scrambling-services-after-seattle-funeral-home-burns-arson-suspect-sought/FTTX7KDUNNCHJM5NG4GYBLTY7Q/","Family left scrambling for services after Seattle funeral home burns; arson suspect sought",-3,3,-1
"KIRO 7","https://www.kiro7.com/news/local/federal-way-man-seattle-teen-arrested-after-shooting-kent-bar/UZBCPNIMBZDGJAEFEBELXWF7UQ/","Federal Way man and Seattle teen arrested after shooting at Kent bar",-6,2,-3
"KIRO 7","https://www.kiro7.com/news/local/fish-wildlife-police-arrest-two-people-illegally-cutting-down-cedars-aberdeen/VR6UPWIDMFGUPLYR5BD4TIO3MI/","Fish and Wildlife police arrest two people for illegally cutting down cedars in Aberdeen",-7,4,-1.75
"KIRO 7","https://www.kiro7.com/news/local/foot-chase-tacoma-ends-arrest-after-drug-use-reported-parked-vehicle/XHEORJH7AFDTRJZTUHYKTC2GZY/","Foot chase in Tacoma ends in arrest after drug use reported in parked vehicle",-2,3,-0.666666666666667
"KIRO 7","https://www.kiro7.com/news/local/kent-police-make-arrest-after-shootout-pub-parking-lot/B6EEAL2RGND25GIISFWXYOFIXY/","Kent police make arrest after shootout in pub parking lot",-2,1,-2
"KIRO 7","https://www.kiro7.com/news/local/kopachuck-state-park-reopens-after-year-long-closure-heres-whats-changed/3KVPABBHERHE3N3VQSUCOLGSIY/","Kopachuck State Park reopens after year-long closure. Hereâ€™s whatâ€™s changed.",3,1,3
"KIRO 7","https://www.kiro7.com/news/local/man-drives-into-seattle-fire-truck-multiple-times-after-offering-firefighters-whippits/FAFDFEMEGZHFNLJMLSQCB4BKUY/","Man drives into Seattle Fire truck multiple times after offering firefighters â€˜whippitsâ€™",-16,13,-1.23076923076923
"KIRO 7","https://www.kiro7.com/news/local/man-shot-chest-near-seattle-waterfront-suspect-arrested/JD5IHSKVYFDLBPNWAYUKUW5CDQ/","Man in wheelchair shot in the chest at Seattleâ€™s waterfront",-2,1,-2
"KIRO 7","https://www.kiro7.com/news/local/one-dead-crash-with-fire-truck-north-seattle/QXEFNOTOUBC6FEEWWJOSE3LTQE/","One dead in crash with fire truck in North Seattle",-16,7,-2.28571428571429
"KIRO 7","https://www.kiro7.com/news/local/pilot-program-bridges-gap-workplace-equity/YXECNQPOTBCZXAXEUARIUY6H6Q/","Pilot program â€˜BRIDGESâ€™ gap for workplace equity",2,1,2
"KIRO 7","https://www.kiro7.com/news/local/police-detain-man-accused-firing-gun-inside-his-west-seattle-apartment/5E5FLOU7S5DANKC5ZFTSAB3OOY/","Police detain man accused of firing gun inside his West Seattle apartment",-12,7,-1.71428571428571
"KIRO 7","https://www.kiro7.com/news/local/police-search-suspect-carjacking-gunpoint-1st-avenue/3DPKPOIYUBEGHJ3Q74T4AFJZKA/","Police search suspect in carjacking at gunpoint on 1st Avenue",-3,3,-1
"KIRO 7","https://www.kiro7.com/news/local/pursuit-ends-crash-closes-all-lanes-sr-900-issaquah/ZVXMC4DJU5FQTOQH4KQM7GTJ7U/","Pursuit ends in crash, closes all lanes of SR 900 in Issaquah",-3,2,-1.5
"KIRO 7","https://www.kiro7.com/news/local/railroad-bridge-mason-county-catches-fire-embers-ignited-brush-below/UE2IXJ6ADBECTKUV223WH22CCA/","Railroad bridge in Mason County catches fire, embers ignited brush below",-6,3,-2
"KIRO 7","https://www.kiro7.com/news/local/seattle-police-arrest-suspects-after-being-accused-late-night-grocery-store-robbery/X7NGZ244VFEK7JDQCJMRUS5T54/","Seattle police arrest suspects after being accused of late-night grocery store robbery",-9,5,-1.8
"KIRO 7","https://www.kiro7.com/news/local/seattle-police-cruiser-totaled-after-crash-with-another-car-while-responding-call/JJGPTXAKRNFYVAO6637TGTXHPQ/","Seattle police cruiser totaled after crash with another car while responding to call",-6,3,-2
"KIRO 7","https://www.kiro7.com/news/local/seattle-police-release-photos-suspect-funeral-home-arson-10k-reward-offered/XJJTEVFFIRBVPHOHQC7EBVS5CI/","Seattle police release photos of suspect in funeral home arson, $10k reward offered",-2,4,-0.5
"KIRO 7","https://www.kiro7.com/news/local/seattle-police-respond-two-homicides-within-hours-overnight/U6OOVHSKRVBT7A3KE4YAXFDXJQ/","Two deadly shootings occur just hours apart in Seattleâ€™s SODO neighborhood; police chief responds",-3,2,-1.5
"KIRO 7","https://www.kiro7.com/news/local/seattles-newly-appointed-police-chief-addresses-recent-gun-violence/M7XD2E2FGZC5BL3GKH4PNXIPGY/","Seattleâ€™s newly appointed Police Chief addresses recent gun violence",-8,4,-2
"KIRO 7","https://www.kiro7.com/news/local/shoreline-school-district-hopes-levy-will-fix-budget-shortfall/46SKUPRQW5DQDIA3WHHOEXAE4I/","Shoreline School District hopes levy will fix budget shortfall",4,2,2
"KIRO 7","https://www.kiro7.com/news/local/suquamish-pd-officer-rescues-injured-eagle/SCGEKOS57BCLVPYGFHDLEUMZ3M/","Suquamish PD officer rescues injured eagle",3,5,0.6
"KIRO 7","https://www.kiro7.com/news/local/suspect-held-bail-allegedly-shooting-man-wheelchair-seattle-pier/3NOQMERJ5ZFPFMMXNKI2A2ZA4I/","Suspect held on bail for allegedly shooting man in wheelchair at Seattle pier",-1,1,-1
"KIRO 7","https://www.kiro7.com/news/local/tukwila-police-suspect-who-hit-car-with-machete-restrained-arrested/L25VJ4KY2RHXFN5OXE343PVS4E/","Tukwila Police: Suspect who hit car with machete restrained, arrested",-8,4,-2
"KIRO 7","https://www.kiro7.com/news/local/two-arrested-following-crash-after-road-rage-shooting-west-seattle/7PWZFWTSBRGORGGC5S3H5H7IKQ/","Two arrested following crash after road rage shooting in West Seattle",-12,5,-2.4
"KIRO 7","https://www.kiro7.com/news/local/wa-businesses-americans-will-end-up-paying-tariffs/LH7KHF6F7JDDBEGMCGLXEPLVY4/","WA businesses: Americans will end up paying for tariffs",0,15,0
"KIRO 7","https://www.kiro7.com/news/local/washington-primary-election-mayor-everett/DQZWMLLLH5BRVH6R7RYVZ75OC4/","Washington Primary Election: Mayor of Everett",2,1,2
"KIRO 7","https://www.kiro7.com/news/local/washington-primary-election-mayor-tacoma/Y37SB37MBJGPZGHTA7P4PAE7GI/","Washington Primary Election: Mayor of Tacoma",1,1,1
"KIRO 7","https://www.kiro7.com/news/local/whitneys-law-petition-change-amber-alert-system-after-death-decker-girls/XKFX2ZAAFVATJMEFALJ3FQ7VT4/","Whitneyâ€™s Law: Petition to change AMBER Alert system after death of Decker girls",-3,5,-0.6
"KIRO 7","https://www.kiro7.com/news/local/woodinville-siblings-give-student-athletes-reason-smile-through-nonprofit/JWU537Q6OZHILOKPOASKR7JJMY/","Woodinville siblings give student athletes a reason to smile through nonprofit",19,24,0.791666666666667
"KIRO 7","https://www.kiro7.com/news/local/wsdot-investigates-glitch-i-405-toll-signs-show-free/BTOMD55APJAXVNJNDQFOOMIVMU/","WSDOT investigates glitch as I-405 toll signs show â€˜FREEâ€™",3,3,1
"KIRO 7","https://www.kiro7.com/news/local/you-can-visit-wa-national-parks-monday-free/6EMVELOHABH6BDFP65MZXZ5FUM/","You can visit WA national parks Monday for free",2,2,1
"KIRO 7","https://www.kiro7.com/news/nation-world/","National & World News France and Saudis vow to keep up momentum for 'two-state solution' to Israel-Palestinian conflict A father's agony over video of his emaciated son, a hostage in Gaza, adds pressure for a ceasefire What is known about the search for a former US soldier suspected of killing 4 at a Montana bar The vast majority of US adults are stressed about grocery costs, an AP-NORC poll finds Sean â€˜Diddyâ€™ Combs is denied release on bond to await sentencing 3rd person arrested for allegedly helping a Tennessee fugitive wanted in family's killings Democrats prevent Texas House from moving forward with Trump-backed congressional map Post to Coast: New York Post plans a California newspaper Judge orders Florida, federal officials to produce 'Alligator Alcatraz' agreements Crews struggle to contain massive California wildfire that's injured 3 people Tropical Storm Henriette forms in the Pacific while Tropical Storm Dexter churns in the Atlantic Modi and Trump once called each other good friends. Now the US-India relationship is getting bumpy King County Primary Election results Israeli government votes to dismiss attorney general, escalating standoff with judiciary Flames and smoke force passengers to flee New York City area train Texas dispute highlights nation's long history of partisan gerrymandering. Is it legal? Argentina's Milei vetoes pension and disability spending increases, citing fiscal deficit pledge In his own words: Trump's comments over the past year on the jobs report Faced with hardships at home, Ethiopians risk dangerous seas for a better life elsewhere August recess can't hide tensions ahead for Congress on spending and Trump nominations State Department may require visa applicants to post bond of up to $15,000 to enter the US Why dozens of Democrats left Texas and how Republicans want to punish them All major Las Vegas Strip casinos are unionized, defying national trend Mitch McConnell's legacy comes under fire in Kentucky race to replace him in the Senate Storm Floris batters Scotland with 90 mph winds, disrupts travel and festivals Thousands of Boeing workers who build fighter jets and weapons go on strike Trumpâ€™s deadline for the Kremlin looms but Putin shows no sign of making concessions The UN says 68 African migrants were killed when a boat capsized off Yemen Hong Kong cancels passports and bans financial support for 16 overseas activists In Ecuador, environmentalists worry Noboa is unwinding nation's green reputation Search continues for man accused of killing Tennessee family of 4, abducting 7-month-old baby Manhunt continues for alleged Montana bar shooting that left 4 dead Democratic governors may offer a path forward for a party out of power in Washington Rep. Nancy Mace kicks off South Carolina GOP gubernatorial bid. She says she's 'Trump in high heels' India and the Philippines stage joint naval drill in the disputed South China Sea Pakistan resumes forced expulsions of 1.4 million Afghan refugees despite UN concerns Japan's oldest person is a 114-year-old retired doctor who carried an Olympic torch in 2021 South Korea begins removing border propaganda speakers in conciliatory gesture toward North A Mississippi monkey sanctuary helps veterans with PTSD find peace Texas Democrats arrive in Illinois to block vote back home on redrawn House maps sought by Trump Popular 1980s actor Loni Anderson of the hit TV series 'WKRP in Cincinnati' has died Ukrainian drone attack sets Russian oil depot on fire as Zelenskyy announces prisoner exchange China pushes back at US demands to stop buying Russian and Iranian oil Trump attacks Charlamagne Tha God after radio host criticizes his presidency Former US soldier suspected of killing 4 in Montana remains at large Latest Videos VIDEO: Bakeshop bounces back after fire VIDEO: Police chief responds to violence in Seattle VIDEO: Double amputee from Gaza arrives in Seattle VIDEO: 104 tiny homes added in Seattle VIDEO: Free admission to National Parks today VIDEO: Seattle bar to reopen after fire causes damage VIDEO: 2025 Primary Election ballots due Tuesday VIDEO: Vigil for man killed outside of a U-District church VIDEO: Student loan interest resumes Latest Trending Josh Brolin says he has â€˜trepidationâ€™ about â€˜The Gooniesâ€™ sequel Ricochet nets pro golfer hole-in-one at AIG Womenâ€™s Open United Airlines pilot declares mayday after takeoff Gary Busey pleads guilty to criminal sexual contact; admitted to touching woman inappropriately Whale dies after collision with boat at Jersey Shore",-77,61,-1.26229508196721
"KIRO 7","https://www.kiro7.com/news/national/","National What is known about the search for a former US soldier suspected of killing 4 at a Montana bar Sean â€˜Diddyâ€™ Combs is denied release on bond to await sentencing 3rd person arrested for allegedly helping a Tennessee fugitive wanted in family's killings Democrats prevent Texas House from moving forward with Trump-backed congressional map Post to Coast: New York Post plans a California newspaper Judge orders Florida, federal officials to produce 'Alligator Alcatraz' agreements Crews struggle to contain massive California wildfire that's injured 3 people Tropical Storm Henriette forms in the Pacific while Tropical Storm Dexter churns in the Atlantic Flames and smoke force passengers to flee New York City area train Texas dispute highlights nation's long history of partisan gerrymandering. Is it legal? Why dozens of Democrats left Texas and how Republicans want to punish them All major Las Vegas Strip casinos are unionized, defying national trend Mitch McConnell's legacy comes under fire in Kentucky race to replace him in the Senate Thousands of Boeing workers who build fighter jets and weapons go on strike Search continues for man accused of killing Tennessee family of 4, abducting 7-month-old baby Manhunt continues for alleged Montana bar shooting that left 4 dead A Mississippi monkey sanctuary helps veterans with PTSD find peace Texas Democrats arrive in Illinois to block vote back home on redrawn House maps sought by Trump Popular 1980s actor Loni Anderson of the hit TV series 'WKRP in Cincinnati' has died Trump attacks Charlamagne Tha God after radio host criticizes his presidency Former US soldier suspected of killing 4 in Montana remains at large Texas Democrats fleeing state to block redistricting vote follows strategy that's had mixed results Blue Origin launches 34th New Shepard rocket into space Men charged in Tennessee case involving 4 dead family members of abandoned infant What to know about the earthquake that shook the New York area Saturday night ""The Fantastic Four: First Steps"" holds its lead atop the box office â€˜They roll right overâ€™: Many Democrats call their party weak and ineffective, AP-NORC poll finds The Justice Department seeks voter and election information from at least 19 states, AP finds Ex-Trump prosecutor Jack Smith faces investigation by independent political watchdog Brutal arrest of Black student in Florida shows benefits of recording police from new vantage point Latest Trending Josh Brolin says he has â€˜trepidationâ€™ about â€˜The Gooniesâ€™ sequel Ricochet nets pro golfer hole-in-one at AIG Womenâ€™s Open United Airlines pilot declares mayday after takeoff Gary Busey pleads guilty to criminal sexual contact; admitted to touching woman inappropriately Whale dies after collision with boat at Jersey Shore",-51,45,-1.13333333333333
"KIRO 7","https://www.kiro7.com/news/trending/josh-brolin-says-he-has-trepidation-about-goonies-sequel/RHPOQ2CG4BHURLLX43EPGLP4KU/","Josh Brolin says he has â€˜trepidationâ€™ about â€˜The Gooniesâ€™ sequel",6,5,1.2
"KIRO 7","https://www.kiro7.com/petwalk/","Pet Walk Forecast Pet Walk Forecast for Monday Latest Videos VIDEO: Bakeshop bounces back after fire VIDEO: Police chief responds to violence in Seattle VIDEO: Double amputee from Gaza arrives in Seattle VIDEO: 104 tiny homes added in Seattle VIDEO: Free admission to National Parks today VIDEO: Seattle bar to reopen after fire causes damage VIDEO: 2025 Primary Election ballots due Tuesday VIDEO: Vigil for man killed outside of a U-District church VIDEO: Student loan interest resumes Latest Trending Josh Brolin says he has â€˜trepidationâ€™ about â€˜The Gooniesâ€™ sequel Ricochet nets pro golfer hole-in-one at AIG Womenâ€™s Open United Airlines pilot declares mayday after takeoff Gary Busey pleads guilty to criminal sexual contact; admitted to touching woman inappropriately Whale dies after collision with boat at Jersey Shore Sports Driver attempting to set a record at Utahâ€™s Bonneville Salt Flats dies after losing control Big Dumper's big year: Cal Raleigh's 'staggering' season leads an offensive surge by MLB catchers Eagles running back Saquon Barkley declines invitation to join Trump's sports council Shedeur Sanders remained focused on rookie season with Browns during father's cancer battle San Antonio Spurs, Deâ€™Aaron Fox agrees to four-year, $228M extension, AP source says Seattle Kraken name Ryan Jankoswki as Assistant GM Entertainment Sean â€˜Diddyâ€™ Combs is denied release on bond to await sentencing Post to Coast: New York Post plans a California newspaper Josh Brolin says he has â€˜trepidationâ€™ about â€˜The Gooniesâ€™ sequel From a job at a meat processing plant to country music stardom, Bailey Zimmerman is figuring it out Hank Hill returns to a changed world in new 'King of the Hill' episodes Tenor Piotr BeczaÅ‚a sings different productions of Wagner's 'Lohengrin' 41 hours apart Latest Photo Galleries PHOTOS: One dead in crash with fire truck in North Seattle PHOTOS: Three semi truck crash blocks four lanes on I-5 in Fife PHOTOS: Tacoma Humane waives adoption fees this weekend for nationwide â€˜Clear the Sheltersâ€™ campaign PHOTOS: Suquamish PD officer rescues injured eagle PHOTOS: KIRO 7 Cares Christmas in July Toy Drive PHOTOS: Child surprises Pierce Co. deputies, thanks them for rescue",-30,31,-0.967741935483871
"KIRO 7","https://www.kiro7.com/privacy-policy/","Privacy Statement",22,37,0.594594594594595
"KIRO 7","https://www.kiro7.com/skireport/","KIRO 7 PinPoint Ski Report KIRO 7 PinPoint Ski Report Ski Resort & Mountain Pass Cams Latest Trending Josh Brolin says he has â€˜trepidationâ€™ about â€˜The Gooniesâ€™ sequel Ricochet nets pro golfer hole-in-one at AIG Womenâ€™s Open United Airlines pilot declares mayday after takeoff Gary Busey pleads guilty to criminal sexual contact; admitted to touching woman inappropriately Whale dies after collision with boat at Jersey Shore Latest Photo Galleries PHOTOS: One dead in crash with fire truck in North Seattle PHOTOS: Three semi truck crash blocks four lanes on I-5 in Fife PHOTOS: Tacoma Humane waives adoption fees this weekend for nationwide â€˜Clear the Sheltersâ€™ campaign PHOTOS: Suquamish PD officer rescues injured eagle PHOTOS: KIRO 7 Cares Christmas in July Toy Drive PHOTOS: Child surprises Pierce Co. deputies, thanks them for rescue",-10,17,-0.588235294117647
"KIRO 7","https://www.kiro7.com/sports/onhomeice/","Chris Francis interviews Mike Benton & Dave Tomlinson ahead of Kraken Game 4 On Home Ice: Catch up with Kraken's Bjorkstrand On Home Ice: Back on Track On Home Ice: Sunshine State Showdown On Home Ice: Goal scoring - no problem On Home Ice: Pacific showdown On Home Ice: So close, but so far On Home Ice: Win streak continues for Kraken On Home Ice - Big wins, babies and books VIDEO: Chris Francis and Geoff Baker of The Seattle Times talk new book detailing Kraken's history On Home Ice: Early season struggles On Home Ice: Back to the grind Hockey 101 VIDEO: Hockey 101: The Kraken's practice facility VIDEO: Hockey 101: Icing VIDEO: Hockey 101: The coolest aspects of the Stanley Cup presentation VIDEO: Hockey 101: Importance of goalies VIDEO: Hockey 101: Focusing on line changes VIDEO: Hockey 101: A look at the positions on the ice VIDEO: KIRO 7 Hockey 101: Getting you ready for the Seattle Kraken Climate Pledge Arena Foo Fighters, Death Cab for Cutie to play Climate Pledge Lenny Wilkens to be immortalized in namesake at Climate Pledge Arena KIRO 7 gives you a look inside Climate Pledge Arena Inside the construction zone as Climate Pledge Arena takes shape â€˜Climate Pledge Arenaâ€™: Amazon secures naming rights to New Arena at Seattle Center More major construction starts at Climate Pledge Arena New arena officially crowned Climate Pledge Arena Latest Trending Josh Brolin says he has â€˜trepidationâ€™ about â€˜The Gooniesâ€™ sequel Ricochet nets pro golfer hole-in-one at AIG Womenâ€™s Open United Airlines pilot declares mayday after takeoff Gary Busey pleads guilty to criminal sexual contact; admitted to touching woman inappropriately Whale dies after collision with boat at Jersey Shore",4,14,0.285714285714286
"KIRO 7","https://www.kiro7.com/sports/pac-12/","Pac 12 WSU Track and Field eliminates events from championship-winning program Oregon State and Washington State hoops cozy up to WCC for now ahead of Pac-12 rebuild Pac-12 goes dark: conference baseball tournament marks end of an era Washington jumps Florida State to move into College Football Playoff position. Georgia still on top FUTURE OF PAC 12, What it means for Huskies UW menâ€™s track team caps off indoor season with historic fourth place win at NCAA championship Washington to bring back coach Mike Hopkins for 7th season Oregon closes on 7-0 run, beats WSU 75-70 in Pac-12 tourney Former UW football star Joe Jarzynka found dead in river near Forks Shania Twain congratulates WSU womenâ€™s basketball team after historic PAC-12 tournament win Washington State tops No. 19 UCLA 65-61 for Pac-12 title Jones hits 4 3s, scores 21; Stanford beats Washington 81-69 Bamba, Gueye lead Washington State over Stanford 67-63 Brooks posts double-double, leads Washington over Cal 65-56 Menifield with 27, Washington beats Oregon in 72-71 in OT Ohio State cancels home-and-home series with Washington, will pay $500,000 penalty Strawther, Timme rally No. 16 Gonzaga to 88-81 win over BYU Bamba, Gueye lead Washington St. past rival Washington 56-51 Timme reaches 2,000 points, No. 12 Gonzaga tops Santa Clara Ellis sparks Southern Cal past Washington State 80-70 Jakimovski, Powell, Gueye help Washington St. past ASU 75-58 Washington Stâ€™s Jake Dickert agrees to extension through â€™27 da Silva, Simpsonâ€™s 3 help Colorado top Washington St. 58-55 No. 9 Washington has major interest in Pac-12 title game No. 12 Washington outlasts Washington St 51-33 in Apple Cup Michael Penix Jr. on cusp of record season for Washington Freshman Menifield leads Washington over North Florida 75-67 Washington knocks off No. 24 Oregon State 24-21 on late FG Bryson Barnes leads No. 14 Utah past Washington State, 21-17 Penix leads Washington to 1st road win, 28-21 over Cal Latest Trending Josh Brolin says he has â€˜trepidationâ€™ about â€˜The Gooniesâ€™ sequel Ricochet nets pro golfer hole-in-one at AIG Womenâ€™s Open United Airlines pilot declares mayday after takeoff Gary Busey pleads guilty to criminal sexual contact; admitted to touching woman inappropriately Whale dies after collision with boat at Jersey Shore",11,19,0.578947368421053
"KIRO 7","https://www.kiro7.com/sports/wnba/seattle-storm/","Seattle Storm Stormâ€™s Skylar Diggins records first triple-double in WNBA All-Star Game history Seattle Storm sign veteran guard Tiffany Mitchell Stormâ€™s Skylar Diggins, Gabby Williams selected as WNBA All-Stars Seattle Storm prepares for matchup with Golden State Valkyries Seattle Storm torch Aces with season-best shooting, extend win streak to three Dominique Malonga eager to prove growth of French basketball as WNBAâ€™s No. 2 pick overall to Storm Katie Lou Samuelson signs with Seattle Storm, agent says Storm coach Noelle Quinn says she learned from bullying investigation and is ready to move on Seattle Storm sign 10-year veteran Erica Wheeler Two-time Olympian Gabby Williams returns to Seattle Storm Kelsey Plum headed to Los Angeles and Jewell Loyd to Las Vegas in blockbuster 3-way deal: AP source Atlanta and Seattle to play first WNBA regular season game in Canada in August Loyd requests trade from Seattle after investigation into Storm shows no bullying, AP Source says Bird, Fowles, Pondexter, Beard headline Womenâ€™s Basketball Hall of Fame Class of 2025 Seattle Storm tops the WNBA as most valuable franchise Street to be renamed â€˜Sue Bird Courtâ€™ to honor basketball legend Aces close out Storm 83-76 and will make their sixth consecutive WNBA semifinal appearance Nneka Ogwumike scores 17, Storm spoil Diana Taurasiâ€™s night with 89-70 win over Mercury Wilson scores 21, sets rebounding mark and Las Vegas Aces defeat Seattle Storm 85-72 Skylar Diggins-Smith hits clutch free throws and Storm edge Sparks 90-87 Loyd scores 20, Horston 16 as Storm hit 12 3s, beats Mercury 90-66 Laney-Hamilton returns to starting lineup, helps Liberty to 77-70 win over Storm Diggins-Smith scores 18, Loyd adds 17, Storm grab key win over Sun 71-64 Breanna Stewart scores 32 points, Sabrina Ionescu adds 25 as Liberty defeat Storm 98-85 Jewell Loyd hits go-ahead 3 as Storm beat Dream 85-81 Ogwumike scores 24 and Magbegor has 14 rebounds as Storm hold off Mystics 83-77 Gabby Williams re-signs with the Seattle Storm after stellar Olympics Caitlin Clark breaks WNBA rookie assists record as Fever beat Storm 92-75 Sue Bird Barbie: Mattel honors WNBA great with signature doll Loyd and Ogwumike combine to score 20 of Seattleâ€™s 25 fourth-quarter points in 89-83 win over Sparks Latest Trending Josh Brolin says he has â€˜trepidationâ€™ about â€˜The Gooniesâ€™ sequel Ricochet nets pro golfer hole-in-one at AIG Womenâ€™s Open United Airlines pilot declares mayday after takeoff Gary Busey pleads guilty to criminal sexual contact; admitted to touching woman inappropriately Whale dies after collision with boat at Jersey Shore",20,25,0.8
"KIRO 7","https://www.kiro7.com/station/about-us/submit-a-news-tip/","Latest Trending Josh Brolin says he has â€˜trepidationâ€™ about â€˜The Gooniesâ€™ sequel Ricochet nets pro golfer hole-in-one at AIG Womenâ€™s Open United Airlines pilot declares mayday after takeoff Gary Busey pleads guilty to criminal sexual contact; admitted to touching woman inappropriately Whale dies after collision with boat at Jersey Shore",-6,7,-0.857142857142857
"KIRO 7","https://www.kiro7.com/station/contact-us/","Here's how to contact KIRO 7 News Click one of the following for more emailing options E-Mail Tips: Latest Trending Josh Brolin says he has â€˜trepidationâ€™ about â€˜The Gooniesâ€™ sequel Ricochet nets pro golfer hole-in-one at AIG Womenâ€™s Open United Airlines pilot declares mayday after takeoff Gary Busey pleads guilty to criminal sexual contact; admitted to touching woman inappropriately Whale dies after collision with boat at Jersey Shore",-6,7,-0.857142857142857
"KIRO 7","https://www.kiro7.com/station/tvlistings/","TV Listings Latest Trending Josh Brolin says he has â€˜trepidationâ€™ about â€˜The Gooniesâ€™ sequel Ricochet nets pro golfer hole-in-one at AIG Womenâ€™s Open United Airlines pilot declares mayday after takeoff Gary Busey pleads guilty to criminal sexual contact; admitted to touching woman inappropriately Whale dies after collision with boat at Jersey Shore",-6,7,-0.857142857142857
"KIRO 7","https://www.kiro7.com/toydrive/","Help Give Local Children a Happier Holiday! Latest Trending Josh Brolin says he has â€˜trepidationâ€™ about â€˜The Gooniesâ€™ sequel Ricochet nets pro golfer hole-in-one at AIG Womenâ€™s Open United Airlines pilot declares mayday after takeoff Gary Busey pleads guilty to criminal sexual contact; admitted to touching woman inappropriately Whale dies after collision with boat at Jersey Shore",-6,7,-0.857142857142857
"KIRO 7","https://www.kiro7.com/traffic/","KIRO 7 Real Time Traffic Latest Traffic Stories I-5 drivers see gridlock traffic with Ship Canal Bridge closure Navigating closures on I-5 Here are some alternative ways to get around I-5 closures this weekend All northbound lanes on section of I-5 will close this weekend Get ready for 4 weeks of work on I-5â€™s Ship Canal Bridge Traffic Cameras Latest Videos Latest Videos VIDEO: Bakeshop bounces back after fire VIDEO: Police chief responds to violence in Seattle VIDEO: Double amputee from Gaza arrives in Seattle VIDEO: 104 tiny homes added in Seattle VIDEO: Free admission to National Parks today VIDEO: Seattle bar to reopen after fire causes damage VIDEO: 2025 Primary Election ballots due Tuesday VIDEO: Vigil for man killed outside of a U-District church VIDEO: Student loan interest resumes Latest Trending Josh Brolin says he has â€˜trepidationâ€™ about â€˜The Gooniesâ€™ sequel Ricochet nets pro golfer hole-in-one at AIG Womenâ€™s Open United Airlines pilot declares mayday after takeoff Gary Busey pleads guilty to criminal sexual contact; admitted to touching woman inappropriately Whale dies after collision with boat at Jersey Shore More Traffic Headlines Troopers outsmart motorcyclists doing wheelies, high speeds on I-5 Snohomish man killed in collision on I-405 in Bothell Troopers looking for driver who hit, killed pedestrian in North Seattle Deadly motorcycle crash shuts down northbound I-5 in Bellingham Man killed after car crashes into parked SUV in West Seattle Driver flees after hitting 2 people crossing Lynnwood highway, killing 1 Latest News 62-year-old man drowns in Kachess Lake Sean â€˜Diddyâ€™ Combs is denied release on bond to await sentencing Brazilâ€™s Supreme Court orders house arrest for former President Jair Bolsonaro The Latest: Texas governor threatens lawmakers who left the state over Trump-backed redistricting Democrats prevent Texas House from moving forward with Trump-backed congressional map Post to Coast: New York Post plans a California newspaper Latest Photo Galleries PHOTOS: One dead in crash with fire truck in North Seattle PHOTOS: Three semi truck crash blocks four lanes on I-5 in Fife PHOTOS: Tacoma Humane waives adoption fees this weekend for nationwide â€˜Clear the Sheltersâ€™ campaign PHOTOS: Suquamish PD officer rescues injured eagle PHOTOS: KIRO 7 Cares Christmas in July Toy Drive PHOTOS: Child surprises Pierce Co. deputies, thanks them for rescue",-53,36,-1.47222222222222
"KIRO 7","https://www.kiro7.com/visitor-agreement/","Visitor Agreement Latest Trending Josh Brolin says he has â€˜trepidationâ€™ about â€˜The Gooniesâ€™ sequel Ricochet nets pro golfer hole-in-one at AIG Womenâ€™s Open United Airlines pilot declares mayday after takeoff Gary Busey pleads guilty to criminal sexual contact; admitted to touching woman inappropriately Whale dies after collision with boat at Jersey Shore",-25,753,-0.0332005312084993
"KIRO 7","https://www.kiro7.com/zoo/","Wildlife: A Look Inside Woodland Park Zoo Season 5: Episode 1 - Forests For All Season 4: Episode 4 - Ghosts of the Forest Season 4: Episode 3 - Getting Social Season 4: Episode 2 - Northwest Neighbors Season 4: Episode 1 - Fine Feathered Friends Season 3: Episode 4 - New at the Zoo Season 3: Episode 3 - Living NW Season 3: Episode 2 - Animal Choice and Care, featuring Juniper and Fern Season 3: Episode 1 - Zoo Technology Season 2: Episode 6 - Animal Care Season 2: Episode 5 - Understanding Animals Season 2: Episode 4 - Living Northwest Trail Season 2: Episode 3 - Day in the Life of a Keeper Season 2: Episode 2 - Zoo Babies Season 2: Episode 1 - Growing Up Gorilla Season 1: Episode 8 - Emerald at Heart Season 1: Episode 7 - Green Zoo Season 1: Episode 6 - Worthwild Season 1: Episode 5 - Where Hope Takes Root Season 1: Episode 4 - Living NW Trail",11,7,1.57142857142857
"KOMO News","https://komonews.com/news/local/1-person-killed-in-crash-between-vehicle-fire-engine-in-north-seattle","1 person killed, another injured in crash between car & fire engine on Aurora Avenue",-13,6,-2.16666666666667
"KOMO News","https://komonews.com/news/local/bear-gulch-fire-continues-to-burn-staircase-campground-under-evacuation-mason-county-olympic-national-forest-wildfire-weather-safety-hiking-camping-route-updat-wildfire-family-outfoors-national-park","Current Weather Game Center Bear Gulch Fire continues to burn, popular Staircase Campground under evacuation",-21,28,-0.75
"KOMO News","https://komonews.com/news/local/bellevue-police-department-law-enforcement-homicide-incident-july-30-eastgate-way-28-year-old-man-investigation-bpd-community-members-unhoused-911-54-facility","Residents urged to stay alert as Bellevue police look for man connected to a homicide",2,2,1
"KOMO News","https://komonews.com/news/local/bellevue-school-district-selling-10-acre-parcel-to-help-with-budget-crisis","Bellevue School District selling 10-acre land parcel to help with budget crisis",-3,1,-3
"KOMO News","https://komonews.com/news/local/detectives-swat-team-arrest-man-in-deadly-shooting-at-northgate-transit-center","Detectives, SWAT team arrest man in deadly shooting at Northgate Transit Center",-7,3,-2.33333333333333
"KOMO News","https://komonews.com/news/local/food-banks-distributors-advocacy-public-policy-seattle-western-washington-snap-benefits-governor-bob-ferguson-maximum-allotment-aaron-czyzewski-dshs-thrifty-food-plan-household","Seattle food banks gravely concerned over changes and cuts to SNAP",-4,4,-1
"KOMO News","https://komonews.com/news/local/king-county-prosecutors-pause-juvenile-felony-referrals-to-diversion-program-crime-assault-murder-teen-teenagers-gun-violence-theft-jail-court-felony-conviction-seattle-bellevue-tacoma","Current Weather Game Center King County prosecutors pause juvenile felony referrals to diversion program",-26,37,-0.702702702702703
"KOMO News","https://komonews.com/news/local/lacey-parents-attempted-murder-charges-thurston-county-verdict-timberline-high-school-october-2024-zahraa-ali-ihsan-deliberations-lesser-charges-violating-court-order","Lacey parents acquitted of attempted murder; daughter remains in extended foster care",0,4,0
"KOMO News","https://komonews.com/news/local/missing-autistic-man-sparks-community-rally-in-everett-months-after-disappearance-event-awareness-autism-vulnerable-endangered-investigation-police-witness-tips-reward-washington-seattle-sighting","Missing man with autism sparks community rally in Everett months after disappearance",-4,2,-2
"KOMO News","https://komonews.com/news/local/point-defiance-park-stabbing-suspect-man-tacoma-trial-jury-selection-begins-august-2025-assault-crime-public-safety","Current Weather Game Center Trial for man accused of stabbing woman at Point Defiance Park to begin this week",-27,22,-1.22727272727273
"KOMO News","https://komonews.com/news/local/seattle-central-district-garfield-high-school-security-camera-expansion-boost-1-million-cost-city-council-approval","Current Weather Game Center Seattle proposes security camera expansion to boost safety around Garfield High School",1,12,0.0833333333333333
"KOMO News","https://komonews.com/news/local/seattle-homicides-investigation-uw-church-sodo-spd-police-gun-violence-crime-public-safety-tips-community","Current Weather Game Center Seattle grapples with violent weekend as 3 deadly shootings occur in 4 days",-29,20,-1.45
"KOMO News","https://komonews.com/news/local/seattle-mayor-responds-to-waterfront-shooting-emphasizes-safety-measures-bruce-harrell-gun-violence-court-tourists","Seattle mayor responds to waterfront shooting, emphasizes safety measures",1,1,1
"KOMO News","https://komonews.com/news/local/seattle-property-owner-faces-fines-and-costs-after-homeless-camp-takeover-in-ballard-joann-fabric-drugs-playground-crisis-neighbors-safety-fentanyl-children-business-fee-inspector","Seattle property owner faces fines and costs after homeless camp takeover in Ballard",-4,3,-1.33333333333333
"KOMO News","https://komonews.com/news/local/spd-cruiser-crumpled-in-downtown-seattle-crash","SPD cruiser crumpled in downtown Seattle crash",-7,3,-2.33333333333333
"KOMO News","https://komonews.com/news/local/thurston-county-sheriff-assaulted-with-liquor-grabbed-by-throat-after-traffic-stop-crime-investigation-traffic-k9-dui-assault-resisting-arrest","Current Weather Game Center Thurston County sheriff doused with liquor, grabbed by throat after traffic stop",-31,36,-0.861111111111111
"KOMO News","https://komonews.com/news/local/two-men-arrested-after-road-rage-shooting-and-crash-on-state-route-509-gun-handgun-violence-traffic-commute-seattle-washington-highway-road","Two men arrested after road rage shooting and crash on State Route 509",-14,6,-2.33333333333333
"KOMO News","https://komonews.com/news/local/waterfront-shooting-seattle-police-department-spd-harborview-medical-center-pier-security-alaskan-way-spring-street-gun-violence-hmc","Man shot in chest during argument at Seattle's waterfront; suspect taken into custody",-1,1,-1
"KOMO News","https://komonews.com/news/local/woman-charged-with-second-degree-murder-in-violent-seattle-van-stabbing-crime-violence-knife-investigation-witness-community-safety-three-stikes-law","Current Weather Game Center Woman charged with second-degree murder in violent Seattle van stabbing",-60,33,-1.81818181818182
"KOMO News","https://komonews.com/news/nation-world/bryan-kohberger-transferred-to-long-term-isolation-in-restrictive-housing-block","Bryan Kohberger transferred to long-term isolation in 'restrictive housing block'",-1,1,-1
"KOMO News","https://komonews.com/weather/faq","Current Weather Game Center",-1,24,-0.0416666666666667
"KUOW","https://www.kuow.org/stories/a-look-at-the-responsibility-of-the-scotus-in-explaining-cases","A look at the responsibility of the SCOTUS in explaining cases",-2,1,-2
"KUOW","https://www.kuow.org/stories/adam-aleksic-discusses-algospeak-and-how-social-media-is-changing-how-we-talk","Adam Aleksic discusses 'Algospeak' and how social media is changing how we talk",-1,1,-1
"KUOW","https://www.kuow.org/stories/addiction-community-responds-to-trump-homelessness-order","Addiction community responds to Trump homelessness order",2,1,2
"KUOW","https://www.kuow.org/stories/an-employer-that-has-welcomed-immigrants-loses-workers-as-policies-change","An employer that has welcomed immigrants loses workers as policies change",2,1,2
"KUOW","https://www.kuow.org/stories/as-trump-faces-continued-scrutiny-over-epstein-the-administration-rehashes-2016-russian-interference-probe","As Trump faces continued scrutiny over Epstein, the administration rehashes 2016 Russian interference probe",-1,1,-1
"KUOW","https://www.kuow.org/stories/can-population-decline-help-address-climate-change","Can population decline help address climate change?",-3,1,-3
"KUOW","https://www.kuow.org/stories/catching-up-on-a-busy-week-of-economic-news","Catching up on a busy week of economic news.",-2,1,-2
"KUOW","https://www.kuow.org/stories/composer-ellie-wilson-s-new-music-is-inspired-by-ecological-data-on-moth-movements","Composer Ellie Wilson's new music is inspired by ecological data on moth movements",5,3,1.66666666666667
"KUOW","https://www.kuow.org/stories/concerns-about-nasa-s-proposed-budget-cuts-and-the-potential-impact-on-u-s-interests","Concerns about NASA's proposed budget cuts and the potential impact on U.S. interests",0,3,0
"KUOW","https://www.kuow.org/stories/deadly-shooting-in-new-york-city-raises-questions-about-mental-illness-and-gun-access","Deadly shooting in New York City raises questions about mental illness and gun access",-10,6,-1.66666666666667
"KUOW","https://www.kuow.org/stories/denmark-introduces-legislation-to-protect-its-citizens-from-ai-deepfakes","Denmark introduces legislation to protect its citizens from AI deepfakes",4,3,1.33333333333333
"KUOW","https://www.kuow.org/stories/german-chancellor-says-germans-aren-t-working-efficiently-mothers-may-be-the-solution","German Chancellor says Germans aren't working efficiently. Mothers may be the solution",-1,2,-0.5
"KUOW","https://www.kuow.org/stories/gunman-kills-4-people-in-manhattan-before-killing-himself-police-say","Gunman kills 4 people in Manhattan before killing himself, police say",-12,4,-3
"KUOW","https://www.kuow.org/stories/he-helped-the-u-s-in-afghanistan-now-trump-s-refugee-policy-has-separated-his-family","He helped the U.S. in Afghanistan. Now, Trump's refugee policy has separated his family",-4,3,-1.33333333333333
"KUOW","https://www.kuow.org/stories/homelessness-in-la-drops-for-the-first-time-in-years-bucking-a-nationwide-trend","Homelessness in LA drops for the first time in years, bucking a nationwide trend",-1,1,-1
"KUOW","https://www.kuow.org/stories/how-are-drones-changing-what-it-means-to-wage-war","How are drones changing what it means to wage war?",-4,2,-2
"KUOW","https://www.kuow.org/stories/how-likely-is-israel-s-goal-of-regime-change-in-iran","How likely is Israel's goal of regime change in Iran?",-1,1,-1
"KUOW","https://www.kuow.org/stories/immigrants-sue-over-trump-s-mandatory-detention-no-bail-policy","Immigrants sue over Trump's mandatory detention, no-bail policy",-5,5,-1
"KUOW","https://www.kuow.org/stories/in-human-nature-author-kate-marvel-explores-climate-change-through-nine-emotions","In 'Human Nature,' author Kate Marvel explores climate change through nine emotions",6,2,3
"KUOW","https://www.kuow.org/stories/mexico-gets-a-temporary-reprieve-but-tariffs-hit-for-other-countries-tomorrow","Mexico gets a temporary reprieve, but tariffs hit for other countries tomorrow",4,2,2
"KUOW","https://www.kuow.org/stories/national-transportation-safety-board-meets-about-january-s-deadly-midair-plane-crash","National Transportation Safety Board meets about January's deadly midair plane crash",-5,5,-1
"KUOW","https://www.kuow.org/stories/new-study-finds-certain-lifestyle-changes-can-help-improve-our-brains-as-we-age","New study finds certain lifestyle changes can help improve our brains as we age",6,3,2
"KUOW","https://www.kuow.org/stories/north-carolina-s-senate-race-is-expected-to-be-a-toss-up-in-2026","North Carolina's Senate race is expected to be a toss-up in 2026",1,1,1
"KUOW","https://www.kuow.org/stories/politics-chat-trump-gets-a-chance-to-regain-the-narrative-with-trade-talks-in-europe","Politics chat: Trump gets a chance to regain the narrative with trade talks in Europe",0,2,0
"KUOW","https://www.kuow.org/stories/politics-chat-trump-s-tax-bill-u-s-strikes-on-iran-nato-summit-nyc-mayor-race","Politics chat: Trump's tax bill, U.S. strikes on Iran, NATO summit, NYC mayor race",-3,4,-0.75
"KUOW","https://www.kuow.org/stories/texas-democrats-flee-the-state-to-try-to-stymie-gop-redistricting-effort","Texas Democrats flee the state to try to stymie GOP redistricting effort",-2,2,-1
"KUOW","https://www.kuow.org/stories/the-next-wave-of-trump-tariffs-are-expected-to-go-into-effect-on-friday","The next wave of Trump tariffs are expected to go into effect on Friday",-1,1,-1
"KUOW","https://www.kuow.org/stories/the-ntsb-holds-hearings-on-the-dca-midair-collision","The NTSB holds hearings on the DCA midair collision",-3,3,-1
"KUOW","https://www.kuow.org/stories/to-fix-housing-and-tackle-climate-change-too-u-s-cities-look-to-vienna","To fix housing â€” and tackle climate change too â€” U.S. cities look to Vienna",-4,3,-1.33333333333333
"KUOW","https://www.kuow.org/stories/transatlantic-security-specialist-discusses-trump-s-shift-in-policy-towards-ukraine","Transatlantic security specialist discusses Trump's shift in policy towards Ukraine",4,3,1.33333333333333
"KUOW","https://www.kuow.org/stories/trump-and-brazilian-leader-exchange-barbs-as-relations-strain-between-the-2-countries","Trump and Brazilian leader exchange barbs as relations strain between the 2 countries",-2,1,-2
"KUOW","https://www.kuow.org/stories/u-n-court-rules-that-nations-must-act-on-climate-change","U.N. court rules that nations must act on climate change",3,2,1.5
"KUOW","https://www.kuow.org/stories/what-the-federal-ruling-that-blocked-trump-s-policy-on-birthright-citizenship-means","What the federal ruling that blocked Trump's policy on birthright citizenship means",-4,3,-1.33333333333333
"Seattle Times (Simple)","http://web.archive.org/web/20240101224954/https://www.seattletimes.com/seattle-news/","Local News",-4,6,-0.666666666666667
"Seattle Times (Simple)","http://web.archive.org/web/20250101234156/https://www.seattletimes.com/author/alex-fryer/","Alex Fryer",-8,10,-0.8
"Seattle Times (Simple)","http://web.archive.org/web/20250101234156/https://www.seattletimes.com/author/brier-dudley/","Brier Dudley",8,16,0.5
"Seattle Times (Simple)","http://web.archive.org/web/20250101234156/https://www.seattletimes.com/author/carlton-winfrey/","Carlton Winfrey",-5,13,-0.384615384615385
"Seattle Times (Simple)","http://web.archive.org/web/20250101234156/https://www.seattletimes.com/author/claudia-rowe/","Claudia Rowe",-13,17,-0.764705882352941
"Seattle Times (Simple)","http://web.archive.org/web/20250101234156/https://www.seattletimes.com/author/david-horsey/","David Horsey",-7,9,-0.777777777777778
"Seattle Times (Simple)","http://web.archive.org/web/20250101234156/https://www.seattletimes.com/author/kate-riley/","Kate Riley",0,7,0
"Seattle Times (Simple)","http://web.archive.org/web/20250101234156/https://www.seattletimes.com/business/economy/","Economy",-3,5,-0.6
"Seattle Times (Simple)","http://web.archive.org/web/20250101234156/https://www.seattletimes.com/business/real-estate/","Real Estate",-6,8,-0.75
"Seattle Times (Simple)","http://web.archive.org/web/20250101234156/https://www.seattletimes.com/category/northwest-hikes/","Outdoors",7,4,1.75
"Seattle Times (Simple)","http://web.archive.org/web/20250101234156/https://www.seattletimes.com/category/op-eds/","Seattle Times Op-Eds",8,12,0.666666666666667
"Seattle Times (Simple)","http://web.archive.org/web/20250101234156/https://www.seattletimes.com/category/rant-and-rave/","Life",13,21,0.619047619047619
"Seattle Times (Simple)","http://web.archive.org/web/20250101234156/https://www.seattletimes.com/category/travel-to-oregon/","Travel",13,5,2.6
"Seattle Times (Simple)","http://web.archive.org/web/20250101234156/https://www.seattletimes.com/nation-world/nation-politics/","Nation & World Politics",-14,21,-0.666666666666667
"Seattle Times (Simple)","http://web.archive.org/web/20250101234156/https://www.seattletimes.com/opinion/editorials/","Editorials",-2,10,-0.2
"Seattle Times (Simple)","http://web.archive.org/web/20250101234156/https://www.seattletimes.com/opinion/letters-to-the-editor/","Letters to the Editor",-12,17,-0.705882352941177
"Seattle Times (Simple)","http://web.archive.org/web/20250101234156/https://www.seattletimes.com/seattle-news/data/","Data",4,7,0.571428571428571
"Seattle Times (Simple)","http://web.archive.org/web/20250101234156/https://www.seattletimes.com/seattle-news/eastside/","Eastside",-4,8,-0.5
"Seattle Times (Simple)","http://web.archive.org/web/20250101234156/https://www.seattletimes.com/seattle-news/education/","Education",-5,9,-0.555555555555556
"Seattle Times (Simple)","http://web.archive.org/web/20250101234156/https://www.seattletimes.com/seattle-news/homeless/","Project Homeless",-2,8,-0.25
"Seattle Times (Simple)","http://web.archive.org/web/20250101234156/https://www.seattletimes.com/seattle-news/law-justice/","Law & Justice",0,10,0
"Seattle Times (Simple)","http://web.archive.org/web/20250101234156/https://www.seattletimes.com/seattle-news/mental-health/","Mental Health",-19,16,-1.1875
"Seattle Times (Simple)","http://web.archive.org/web/20250101234156/https://www.seattletimes.com/seattle-news/northwest/","Northwest",8,4,2
"Seattle Times (Simple)","http://web.archive.org/web/20250101234156/https://www.seattletimes.com/seattle-news/politics/","Local Politics",17,16,1.0625
"Seattle Times (Simple)","http://web.archive.org/web/20250101234156/https://www.seattletimes.com/seattle-news/transportation/","Traffic Lab",-4,8,-0.5
"Seattle Times (Simple)","http://web.archive.org/web/20250101234156/https://www.seattletimes.com/sports/mariners/","Mariners",-3,5,-0.6
"Seattle Times (Simple)","http://web.archive.org/web/20250101234156/https://www.seattletimes.com/sports/storm/","Storm",1,11,0.0909090909090909
"Seattle Times (Simple)","http://web.archive.org/web/20250101234156/https://www.seattletimes.com/tag/coronavirus/","Coronavirus",-12,12,-1
"Seattle Times (Simple)","http://web.archive.org/web/20250101234156/https://www.seattletimes.com/tag/free-press/","Free Press",7,16,0.4375
"Seattle Times (Simple)","http://web.archive.org/web/20250101234156/https://www.seattletimes.com/tag/inside-the-times/","Inside The Times",2,4,0.5
"The Stranger (Web)","https://www.thestranger.com/last-month-this-month/2025/07/01/80126501/last-month-this-month","Last Month This Month Just Can't Get Enough?",-85,55,-1.54545454545455
"The Stranger (Web)","https://www.thestranger.com/news/2024/12/13/79822766/state-rep-cyndy-jacobsens-early-christmas-present-for-trans-people","State Rep. Cyndy Jacobsenâ€™s Early Christmas Present for Trans People Just Can't Get Enough?",-47,62,-0.758064516129032
"The Stranger (Web)","https://www.thestranger.com/news/2024/12/17/79829089/landlord-lobby-wishlist-leaked","Landlord Lobby Wishlist Leaked Just Can't Get Enough?",0,57,0
"The Stranger (Web)","https://www.thestranger.com/news/2024/12/17/79829149/mayor-bruce-harrell-fires-former-seattle-police-chief-adrian-diaz","Mayor Bruce Harrell Fires Former Seattle Police Chief Adrian Diaz Just Can't Get Enough?",-23,25,-0.92
"The Stranger (Web)","https://www.thestranger.com/news/2024/12/18/79830955/city-attorney-ann-davisons-office-strikes-deal-with-spd-officer-who-killed-jaahnavi-kandula","City Attorney Ann Davisonâ€™s Office Strikes Deal with SPD Officer who Killed Jaahnavi Kandula Just Can't Get Enough?",-54,43,-1.25581395348837
"The Stranger (Web)","https://www.thestranger.com/news/2024/12/19/79832605/having-an-iud-is-great-getting-one-can-be-terrible","Having an IUD is Great. Getting One Can Be Terrible Just Can't Get Enough?",-49,60,-0.816666666666667
"The Stranger (Web)","https://www.thestranger.com/news/2024/12/20/79832816/ten-times-sara-nelson-engaged-in-the-performative-ideological-political-theater-she-decries","Ten Times Sara Nelson Engaged In The â€œPerformative, Ideologicalâ€ â€œPolitical Theaterâ€ She Decries Just Can't Get Enough?",-34,102,-0.333333333333333
"The Stranger (Web)","https://www.thestranger.com/news/2024/12/23/79838343/the-washington-grown-legal-powerhouse-coming-for-lgbtq-rights","The Washington-Grown â€œLegal Powerhouseâ€ Coming for LGBTQ Rights Just Can't Get Enough?",22,41,0.536585365853659
"The Stranger (Web)","https://www.thestranger.com/news/2024/12/24/79839693/mayor-harrell-seems-unbeatable-because-his-old-political-opponents-arent-trying-to-beat-him","Mayor Harrell Seems Unbeatable Because His Old Political Opponents Arenâ€™t Trying to Beat Him Just Can't Get Enough?",53,75,0.706666666666667
"The Stranger (Web)","https://www.thestranger.com/news/2025/02/06/79909039/the-call-is-coming-from-outside-the-house","The Call Is Coming from Outside the House Just Can't Get Enough?",13,14,0.928571428571429
"The Stranger (Web)","https://www.thestranger.com/news/2025/02/12/79918008/legislative-sausage-making-at-its-finest-spds-blast-balls-are-back","â€œLegislative sausage-making at its finestâ€: SPDâ€™s Blast Balls are Back Just Can't Get Enough?",-101,102,-0.990196078431373
"The Stranger (Web)","https://www.thestranger.com/news/2025/03/07/79956841/dionne-foster-is-not-sara-nelson-so-who-is-she","Dionne Foster Is Not Sara Nelson. So, Who Is She? Just Can't Get Enough?",38,44,0.863636363636364
"The Stranger (Web)","https://www.thestranger.com/news/2025/03/07/79956893/city-hall-is-back-on-denny-blaine","City Hall Is Back on Denny Blaine Just Can't Get Enough?",-7,45,-0.155555555555556
"The Stranger (Web)","https://www.thestranger.com/news/2025/05/05/80043102/seattle-police-trespassed-a-trans-woman-for-being-naked-at-a-queer-nude-beach","Seattle Police Trespassed a Trans Woman for Being Naked at a Queer Nude Beach Just Can't Get Enough?",-17,45,-0.377777777777778
"The Stranger (Web)","https://www.thestranger.com/news/2025/05/23/80070168/whats-behind-the-gilded-doors-of-aegis-senior-living","Whatâ€™s Behind the Gilded Doors of Aegis Senior Living? Just Can't Get Enough?",-23,213,-0.107981220657277
"The Stranger (Web)","https://www.thestranger.com/news/2025/06/14/80100983/everything-you-want-to-know-about-protesting-in-seattle","Everything You Want to Know About Protesting in Seattle Just Can't Get Enough?",-152,173,-0.878612716763006
"The Stranger (Web)","https://www.thestranger.com/news/2025/06/16/80103956/almost-10-percent-of-seattle-marched-at-no-kings-rally","Almost 10 Percent of Seattle Marched at No Kings Rally Just Can't Get Enough?",-56,46,-1.21739130434783
"The Stranger (Web)","https://www.thestranger.com/news/2025/06/20/80109593/what-the-scotus-decision-on-trans-care-means-for-washington","What the SCOTUS Decision on Trans Care Means for Washington Just Can't Get Enough?",10,84,0.119047619047619
"The Stranger (Web)","https://www.thestranger.com/news/2025/06/27/80120394/progressive-revenue-is-not-dead-in-seattle","Progressive Revenue Is Not Dead in Seattle Just Can't Get Enough?",-26,53,-0.490566037735849
"The Stranger (Web)","https://www.thestranger.com/news/2025/06/30/80124841/dems-mamdani-is-not-extreme","Dems, Mamdani Is Not Extreme Just Can't Get Enough?",-30,34,-0.882352941176471
"The Stranger (Web)","https://www.thestranger.com/news/2025/07/16/80151064/thank-science-for-all-the-beach-closures","Thank Science for All the Beach Closures Just Can't Get Enough?",-37,74,-0.5
"The Stranger (Web)","https://www.thestranger.com/news/2025/07/17/80152628/hot-rat-summer-gets-its-own-media-stunt","Hot Rat Summer Gets Its Own Media Stunt Just Can't Get Enough?",-1,36,-0.0277777777777778
"The Stranger (Web)","https://www.thestranger.com/news/2025/07/17/80153045/thousands-of-bruce-harrells-employees-endorse-his-opponent","Thousands of Bruce Harrellâ€™s Employees Endorse His Opponent Just Can't Get Enough?",51,31,1.64516129032258
"The Stranger (Web)","https://www.thestranger.com/news/2025/07/23/80162567/new-state-legislation-kills-pay-transparency","New State Legislation Kills Pay Transparency Just Can't Get Enough?",6,72,0.0833333333333333
"The Stranger (Web)","https://www.thestranger.com/news/2025/07/28/80169410/katie-wilson-is-giving-harrell-a-run-for-his-money-literally","Katie Wilson Is Giving Harrell a Run for His Money, Literally Just Can't Get Enough?",22,28,0.785714285714286
"The Stranger (Web)","https://www.thestranger.com/news/2025/07/30/80172726/a-conservative-out-of-state-pac-is-backing-sara-nelson","A Conservative Out-of-State PAC Is Backing Sara Nelson Just Can't Get Enough?",6,22,0.272727272727273
"The Stranger (Web)","https://www.thestranger.com/podcasts/2025/08/01/80175502/francesca-fiorentini-says-grab-a-spine-and-laugh","Francesca Fiorentini Says Grab a Spine (and Laugh) Just Can't Get Enough?",35,94,0.372340425531915
"The Stranger (Web)","https://www.thestranger.com/queer/2024/12/17/79829246/aclu-sues-washington-doc-for-confining-trans-woman-to-mens-prison","ACLU Sues Washington DOC for Confining Trans Woman to Menâ€™s Prison Just Can't Get Enough?",-164,117,-1.4017094017094
"The Stranger (Web)","https://www.thestranger.com/queer/2024/12/30/79845003/trans-immigrants-how-to-change-your-name-and-gender-markers","Trans Immigrants: How to Change Your Name and Gender Markers Just Can't Get Enough?",-49,101,-0.485148514851485
"The Stranger (Web)","https://www.thestranger.com/queer/2025/02/04/79905654/fucking-political","Fucking Political Just Can't Get Enough?",-95,147,-0.646258503401361
"The Stranger (Web)","https://www.thestranger.com/queer/2025/02/08/79911998/trump-order-causing-document-troubles-for-trans-people","Trump Order Causing Document Troubles for Trans People Just Can't Get Enough?",-31,60,-0.516666666666667
"The Stranger (Web)","https://www.thestranger.com/queer/2025/02/14/79922205/us-district-court-judge-blocks-trump-order-on-gender-affirming-care-says-it-would-not-survive-judicial-scrutiny","US District Court Judge Blocks Trump Order on Gender Affirming Care, Says It Would Not â€œSurvive Judicial Scrutinyâ€ Just Can't Get Enough?",14,91,0.153846153846154
"The Stranger (Web)","https://www.thestranger.com/slog-am/2025/07/23/80162181/slog-am-ice-detains-high-school-theater-director-israel-strikes-who-site-and-ceos-love-bruce-harrell","Slog AM: ICE Detains High School Theater Director, Israel Strikes WHO Site, and CEOs love Bruce Harrell Just Can't Get Enough?",-144,126,-1.14285714285714
"The Stranger (Web)","https://www.thestranger.com/slog-am/2025/07/29/80170879/slog-am-debora-juarez-back-on-council-ann-davison-stabs-denny-blaine-in-the-backside-manhattan-gunman-likely-targeted-nfl","Slog AM: Debora Juarez Back On Council, Ann Davison Stabs Denny Blaine In The Back(side), Manhattan Gunman Likely Targeted NFL Just Can't Get Enough?",-41,86,-0.476744186046512
"The Stranger (Web)","https://www.thestranger.com/slog-am/2025/07/30/80171245/slog-am-88-earthquake-rattles-the-pacific-ocean-columbia-city-funeral-home-damaged-by-fire-the-pacific-science-centers-mechanical-dinosau","Slog AM: 8.8 Earthquake Rattles the Pacific Ocean, Columbia City Funeral Home Damaged by Fire, the Pacific Science Center's Mechanical Dinosaurs Get the Boot Just Can't Get Enough?",-64,56,-1.14285714285714
"The Stranger (Web)","https://www.thestranger.com/slog-am/2025/07/31/80173816/slog-am-trumps-still-throwing-tariff-tantrums-out-of-state-money-rolls-into-city-council-race-boeing-workers-threaten-to-strike","Slog AM: Trumpâ€™s Still Throwing Tariff Tantrums, Out-of-State Money Rolls into City Council Race, Boeing Workers Threaten to Strike Just Can't Get Enough?",-11,45,-0.244444444444444
"The Stranger (Web)","https://www.thestranger.com/stranger-election-control-board/2025/02/10/79914866/have-you-voted-yet","Have You Voted Yet? Just Can't Get Enough?",0,9,0
"The Stranger (Web)","https://www.thestranger.com/stranger-election-control-board/2025/02/11/79916920/puppies-are-for-people-who-vote-in-local-elections","Puppies Are for People Who Vote in Local Elections Just Can't Get Enough?",1,4,0.25
"The Stranger (Web)","https://www.thestranger.com/stranger-election-control-board/2025/04/18/80019769/vote-no-on-king-county-proposition-1","Vote ""No"" on King County Proposition 1 Just Can't Get Enough?",-17,59,-0.288135593220339
"The Stranger (Web)","https://www.thestranger.com/stranger-election-control-board/2025/07/03/80128730/vote-for-dionne-foster-for-city-council-position-9","Vote for Dionne Foster for City Council Position 9 Just Can't Get Enough?",-12,42,-0.285714285714286
"The Stranger (Web)","https://www.thestranger.com/stranger-election-control-board/2025/07/03/80129783/vote-for-alexis-mercedes-rinck-for-city-council-position-8","Vote for Alexis Mercedes Rinck for City Council Position 8 Just Can't Get Enough?",4,16,0.25
"The Stranger (Web)","https://www.thestranger.com/stranger-election-control-board/2025/07/07/80136017/vote-yes-on-seattles-proposition-no-1","Vote Yes on Seattle's Proposition No. 1 Just Can't Get Enough?",4,11,0.363636363636364
"The Stranger (Web)","https://www.thestranger.com/stranger-election-control-board/2025/07/19/80156072/vote-yes-on-the-king-county-parks-levy","Vote Yes on the King County Parks Levy Just Can't Get Enough?",26,30,0.866666666666667
"The Stranger (Web)","https://www.thestranger.com/stranger-election-control-board/2025/07/23/80160760/candidate-survivor-is-thursday","Candidate Survivor Is Thursday Just Can't Get Enough?",15,11,1.36363636363636
"The Stranger (Web)","https://www.thestranger.com/war/2025/07/29/80170222/the-blue-angels-pierce-our-liberal-fantasy","The Blue Angels Pierce Our Liberal Fantasy Just Can't Get Enough?",-13,20,-0.65
