url,source,title,content,publish_date,matched_keywords,relevance_score,scraped_at,content_length
https://www.capitolhillseattle.com/2025/04/toxic-politics-supportive-housing-project-targeted-by-capitol-hill-mayoral-candidate-in-line-for-state-cleanup/,Capitol Hill Seattle,"CHS Capitol Hill Seattle News Toxic politics? â€˜Supportive housingâ€™ project targeted by Capitol Hill mayoral candidate in line for state cleanup LATEST CHS SUBSCRIBER TOTAL: 1,236","The Capitol Hill business owner turned candidate for mayor fighting a Belmont Ave supportive housing project from the Downtown Emergency Service Center has already cast herself as a Republican. Now weâ€™ll see if Rachael Savage is also an environmentalist. Washingtonâ€™s Department of Ecology may be wandering into a neighborhood hornetâ€™s nest as it begins the public process on the Stewart House Cleanup Site under its affordable housing grant program. The DESC and the department are entering into an agreement on a state funded cleanup of the site where decades of waste from oil furnaces has accumulated. The Belmont Ave properties home to a trio of former transitional housing buildings from Pioneer Human Services were acquired in a $6.5 million deal last year as the DESC made plans for a new 120-unit apartment building with onsite services for its residents on the block. A 30-day public comment period on the cleanup agreement ends at midnight on May 6th. â€œMany communities in Washington are facing a housing crunch, but one Ecology program is helping to ease the shortage,â€ the stateâ€™s announcement of public comment window reads. â€œOur Affordable Housing Cleanup Grant Program provides grants to developers to help clean up contaminated sites. In return, the developers redevelop the property, with at least 40% of the square footage slated for affordable housing for at least 30 years.â€ The documents from the agreement are posted here. â€œThe properties have historically been the site of apartment buildings heated by oil furnaces. Soil at the cleanup site has been contaminated by petroleum products that leaked out of underground storage tanks,â€ the state says. â€œThe extent of the contamination will be studied during the future remedial investigation phase.â€ The state grant process around the projects has been streamlined by the legislature. In 2022, the permanent program was established to provide the grants for planning and cleanup of contaminated sites intended for affordable development. But the process adds another wrinkle to the DESCâ€™s plans in the neighborhood. CHS broke the news on the project this fall as the organization confirmed its planning for â€œa new Permanent Supportive Housing projectâ€ on the parcels it purchased over the summer. King Countyâ€™s program to fund the projects says permanent supportive housing is housing â€œfor a household that is homeless on entry, where the individual or a household member has a condition of disability, such as mental illness, substance abuse, chronic health issues, or other conditions that create multiple and serious ongoing barriers to housing stability.â€ City permitting is already approved to demolish the vacant buildings to make way for the new 120-unit DESC permanent supportive housing project. An August fire mostly destroyed one of the buildings waiting to be torn down. Belmont DESC will serve people earning 30% and 50% of Area Median Income who are experiencing chronic homelessness. DESC says its tenants usually earn about 9% to 12% of AMI. The Belmont building will feature only studio units and is being designed for single adult residents. Opposition to the project includes residents and building owners who say the area is already overburdened by the challenges around halfway houses and housing programs for at-risk populations. Broadway business owner and Republican candidate for mayor Rachael Savage made opposition to the plan an early foundation of her â€œSavage Citizensâ€ campaign. â€œCapitol Hill already has over three hundred people housed in multiple buildings that operate on this model variously called Housing First, Permanent Supportive Housing or Low Barrier Housing,â€ Savage said â€œOur streets are in chaos. We have done enough.â€ Environmental appeals have become a regular aspect of the long delays faced by development projects around Seattle and, especially, in the cityâ€™s largest, most important decisions. CHS reported here as appeals including cases representing Madison Valley, Mount Baker, Hawthorne Hills, and â€œ73 remaining Southern resident killer whalesâ€ have gummed up Seattleâ€™s efforts to meet state zoning requirements and arrive at a new 20-year growth plan for the city. The Department of Ecology program, meanwhile, has already been at work in Seattle where a grant-boosted cleanup cleared the way for The Maddux, an affordable project from the Mt. Baker Housing organization just off Rainier. In 2018, the state awarded Mt. Baker Housing $400,000 to start assessing the cleanup project. The legislature later awarded another $6.2 million to finish the project. The cleanup began in June 2020 and took five months to complete. The corner had previously been home to a dry cleaner and gas station. An initial state report on the Stewart House site was completed in 2018. â€œThe presence and/or condition of groundwater has not yet been assessed at the site,â€ the stateâ€™s updated reporting reads. The Department of Ecology is holding a hybrid in-person and virtual â€œopen houseâ€ on the project on April 15th. Documents are available online here or in-person from the Capitol Hill library branch. You can learn more about the proposed cleanup project and providing public comment on the agreement here. $5 A MONTH TO HELP KEEP CHS PAYWALL-FREEğŸŒˆğŸ£ğŸŒ¼ğŸŒ·ğŸŒ±ğŸŒ³ğŸŒ¾ğŸ€ğŸƒğŸ¦”ğŸ‡ğŸğŸ‘ğŸŒğŸŒ» Subscribe to CHS to help us hire writers and photographers to cover the neighborhood. CHS is a pay what you can community news site with no required sign-in or paywall. To stay that way, we need you. Become a subscriber to help us cover the neighborhood for $5 a month -- or choose your level of support ğŸ‘","Wednesday, April 9, 2025 - 7:03 AM","['mayor', 'mayoral', 'candidate', 'housing', 'homeless', 'homelessness', 'zoning', 'development', 'mayor (title)', 'mayoral (title)', 'candidate (title)', 'housing (title)']",23.5,2025-08-01T13:42:23.710547,5583
https://www.capitolhillseattle.com/2025/04/with-time-running-out-for-seattle-mayor-race-challengers-to-emerge-harrell-touts-continued-turnaround-in-police-hiring/,Capitol Hill Seattle,"CHS Capitol Hill Seattle News With time running out for Seattle mayor race challengers to jump in, Harrell touts continued turnaround in police hiring LATEST CHS SUBSCRIBER TOTAL: 1,236","City Councilmember Sara Nelson and Mark Solomon meet SPDâ€™s latest recruits Officials began 2025 cautiously praising the previous yearâ€™s efforts to turn around staffing issues on the cityâ€™s police force as, for the first time in five years, the Seattle Police Department barely hired more officers than quit or retired. It was a close one. The department reported 84 successful hires in 2024 â€” one more officer than it lost. Monday, Mayor Bruce Harrell and city officials held a press conference with a bolder mood as officials say SPDâ€™s hiring momentum has continued with 60 officers hired here through April: The 60 officers hired so far in 2025 are more than in the last three years at this point combined. This includes experienced officers who can get started working sooner, with as many lateral hires in 2025 as in the previous five years at this point combined, and as many re-hires as in the last three years combined. Separations are also below the last five years through mid-April. If current trends continue, SPD is on track to hire over 150 officers in 2025, which would be the largest total hires in any year in recent record. Harrell and new SPD Chief Shon Barnes said Monday that the hiring comes on the back of a continued influx of candidates with the department receiving 1,218 officer applications by the end of the first quarter this year, compared to 690 applications at that point in 2024. Harrell, in the early stages of his reelection campaign to keep his office at City Hall, placed the quarter yearâ€™s hiring turnaround in context of his administrationâ€™s efforts to reform the department and grow efforts like the cityâ€™s new Community Assisted Response & Engagement CARE crisis responders while also pushing back on cutbacks or downsizing of SPD despite growing budget gaps and revenue uncertainty for the city. â€œA well-staffed and well-trained police department is essential to effective public safety in Seattle,â€ Harrell said. â€œOur work to modernize recruiting and increase qualified applications is showing results through record hiring in 2025 â€“ putting us on a path to restore Seattle Police Department staffing,â€ The mayor and City Council president Sara Nelson, also facing reelection, have pushed for a goal of growing SPDâ€™s ranks from the just under 1,000 officers on patrol in 2022 to nearly 1,500 by 2027. CHS reported here on the hiring of former Madison, Wisconsin chief Barnes to lead SPD and his focus on recruitment and retention at the department though large initiatives and smaller issues like infrastructure investments to improve the work environment including smaller upgrades like new carpet and fresh paint. The signs of a turnaround come as Seattle Police officials late last year said the departmentâ€™s ranks had fallen to the lowest numbers in 30 years as the Seattle City Council expanded a program that pays out a $7,500 hiring bonus to new recruits and boosts bonuses for so-called â€œlateralâ€ hiring from other police departments to $50,000 as the Harrell administration said Seattle continues to face regional competition for officers. SPD also launched a new recruiting advertising campaign this summer featuring â€œcartoon versions of police officers in various heroic scenarios.â€ The campaign is part of a $2.5 million budget in 2025 for police recruitment advertising and marketing. The department has also vowed to improve its recruitment of women even as the city faces ongoing harassment litigation from the department under ousted Chief Adrian Diaz. Publicola reported this week on SPDâ€™s struggles despite its commitment to the â€œ30 by 30â€ pledge calling for a 30% female recruit class by 2030. Publicola reports that only five of the 60 new hires touted by Harrell Monday are women. Paying cops more is helping. Seattle ranked 29th in the region to start 2024 for base pay for its new recruits an issue the bonus program wonâ€™t address. The city and the Seattle Police Officers Guild arrived at a new contract last spring that boosted pay 23%. The city says new recruits now start at a $103,000 a year salary with a $7,500 hiring incentive, and qualified lateral transfers from another agency start at $116,000 with a $50,000 incentive. SPD also says its â€œaverage hiring process for police officer candidatesâ€ has been streamlined from 5-9 months to 3-5 months. â€œOn average, it takes about a year after graduating from the academy for recruits to become a Seattle Police Officer working an assigned patrol beat,â€ the cityâ€™s report on the hiring success said. Police officer candidates must be at least 20.5 years of age, have a high school diploma or GED equivalent, be generally physically fit, and be able to obtain a Washington driverâ€™s license. There is no upper age limit to apply. In 2023, a 62-year-old joined the force. Monday, officials pointed at citywide crime totals that they say show encouraging public safety trends. CHS reported this month on those totals for the East Precinct that showed Capitol Hill and the Central District have been left out of the rest of cityâ€™s dip in reported property crime. East Precinct Violent Crime Report Totals East Precinct Property Crime Report Totals To start 2025 as he begins his campaign for a second term leading the city, Harrell has held up the turnaround in hiring as a key accomplishment of his administration. So far, Harrellâ€™s most significant political challenge has emerged from his political left where progressive activist Katie Wilson is building her campaign around her work leading the Transit Riders Union and minimum wage and renter rights campaigns around the region. The deadline for candidates to file to take part in the August primary is next week. $5 A MONTH TO HELP KEEP CHS PAYWALL-FREEğŸŒˆğŸ£ğŸŒ¼ğŸŒ·ğŸŒ±ğŸŒ³ğŸŒ¾ğŸ€ğŸƒğŸ¦”ğŸ‡ğŸğŸ‘ğŸŒğŸŒ» Subscribe to CHS to help us hire writers and photographers to cover the neighborhood. CHS is a pay what you can community news site with no required sign-in or paywall. To stay that way, we need you. Become a subscriber to help us cover the neighborhood for $5 a month -- or choose your level of support ğŸ‘","Tuesday, April 29, 2025 - 8:35 AM","['mayor', 'city council', 'councilmember', 'budget', 'public safety', 'police', 'SPD', 'infrastructure', 'mayor (title)', 'police (title)']",21.5,2025-08-01T13:42:23.720861,6047
https://www.capitolhillseattle.com/2025/07/mayor-touts-seattle-police-recruitment-moving-past-100-new-hires-so-far-in-2025/,Capitol Hill Seattle,"CHS Capitol Hill Seattle News Mayor touts Seattle Police recruitment moving past 100 new hires so far in 2025 LATEST CHS SUBSCRIBER TOTAL: 1,236","Source Seattle Police are now above 100 new hires in 2025 as the city and Mayor â€” and candidate â€” Bruce Harrell continue to tout a turnaround at the department after years of struggles to bolster dwindling ranks. The latest update comes after last yearâ€™s 84 hires as SPD eked out a small victory by bringing on one more officer than it reported losing. The press release from the mayorâ€™s office touts the hundred-hire milestone but doesnâ€™t include statistics on the departmentâ€™s current ranks. CHS reported here in April as Harrell and new SPD Chief Shon Barnes said that improved hiring totals were being driven by an influx of candidates with the department receiving 1,218 officer applications by the end of the first quarter this year, compared to 690 applications at that point in 2024. The cityâ€™s data shows that applications fell slightly in the second quarter to just under 12 qualified applicants per day. The signs of a turnaround have continued as Seattle Police officials late last year said the departmentâ€™s ranks had fallen to the lowest numbers in 30 years as the Seattle City Council expanded a program that pays out a $7,500 hiring bonus to new recruits and boosts bonuses for so-called â€œlateralâ€ hiring from other police departments to $50,000 as the Harrell administration said Seattle continues to face regional competition for officers. SPD also launched a new recruiting advertising campaign this summer featuring â€œcartoon versions of police officers in various heroic scenarios.â€ The campaign is part of a $2.5 million budget in 2025 for police recruitment advertising and marketing. The department has also vowed to improve its recruitment of women even as the city faces ongoing harassment litigation from the department under ousted Chief Adrian Diaz. The starting salary for a SPD officer is now $103,000 for entry level recruits and $116,000 for lateral officers, Harrellâ€™s office says. The mayor and City Council president Sara Nelson, also facing reelection, have pushed for a goal of growing SPDâ€™s ranks from the just under 1,000 officers on patrol in 2022 to nearly 1,500 by 2027. Barnes, meanwhile, is holding a series of public safety community forums this summer. A date for a District 3 forum for neighborhoods including Capitol Hill, First Hill, and the Central District has not yet been announced. $5 A MONTH TO HELP KEEP CHS PAYWALL-FREEğŸŒˆğŸ£ğŸŒ¼ğŸŒ·ğŸŒ±ğŸŒ³ğŸŒ¾ğŸ€ğŸƒğŸ¦”ğŸ‡ğŸğŸ‘ğŸŒğŸŒ» Subscribe to CHS to help us hire writers and photographers to cover the neighborhood. CHS is a pay what you can community news site with no required sign-in or paywall. To stay that way, we need you. Become a subscriber to help us cover the neighborhood for $5 a month -- or choose your level of support ğŸ‘","Wednesday, July 30, 2025 - 7:00 AM","['mayor', 'city council', 'candidate', 'budget', 'public safety', 'police', 'SPD', 'mayor (title)', 'police (title)']",19.5,2025-08-01T13:42:23.706948,2698
https://www.capitolhillseattle.com/2025/07/at-district-3-candidates-forum-wilson-scores-points-harrell-avoids-hits-in-race-in-seattle-mayors-race/,Capitol Hill Seattle,"CHS Capitol Hill Seattle News At District 3 candidates forum, Wilson scores points, Harrell avoids hits in Seattle mayorâ€™s race LATEST CHS SUBSCRIBER TOTAL: 1,236","As ballots are being sent to voters this week for the upcoming August 5th Primary Election, the races for the Seattle mayorâ€™s office appears to be coming down to what order the two leading candidates in the political battle will finish. Challenger Katie Wilson seems to have a top-two result all but wrapped up. â€œThis woman is so smart, sheâ€™s kicked my ass so many times in so many debates,â€ repeat mayoral candidate Joe Mallahan said Tuesday night during a candidates forum focused on District 3 issues organized by the Leschi Community Council, the Central Area Neighborhood District Council, and the Coalition of Immigrants Refugees and Communities of Color. Mallahanâ€™s admission â€” heâ€™s currently running third in fundraising in the race with $122,000 in campaign contributions plus another $15,000 from an independent expenditure committee â€” made it pretty clear he knows Wilson is going through to Novemberâ€™s General Election. Wilson and incumbent Bruce Harrellâ€™s campaigns have both reported raising around $450,000 each. Harrell is also backed by a $200,000 â€œBruce Harrell 4 SeattlesFutureâ€ independent expenditure committee. â€œWe have great values here in Seattle but we often fail to live up to them,â€ Wilson said Tuesday night in her pitch to the crowd inside Leschiâ€™s Grace United Methodist Church as she positioned her leadership as a collaborative and active effort to push beyond current City Hall leadershipâ€™s moderate leanings. Wilson promised an administration that would be more aggressive in galvanizing the city against federal cutbacks and attacks on DEI programs. She said she would back efforts to civilianize more of the work currently saddling the Seattle Police Department, expand alternative responses like the CARE crisis responders, and fix the cityâ€™s â€œbrokenâ€ police accountability system. And she said she would lead in unity with the cityâ€™s community organizations and labor unions â€” â€œIâ€™m a believer in the power of organization,â€ Wilson said. The progressive organizer who is the executive directors of the Transit Riders Union and helped lead minimum wage and renter rights campaigns around the region won the endorsement of the 43rd District Democrats last month. Tuesday night, Harrell â€œhad another appointment and couldnâ€™t move his schedule,â€ forum organizers told the crowd. In 2021â€™s primary, voters in Leschi and this area of the city were strong supporters of the Central District born and raised candidate. Harrellâ€™s absence might have been to his advantage. The mayor did not have to respond to the role former T-Mobile executive Mallahan has settled into of Harrell basher with hopes of somehow henpecking the incumbent into third place and out of the race. â€œI believe the city of Seattle is badly mismanaged,â€ the repeat mayoral candidate said during one of his times at the microphone, calling Harrell a â€œdisrespectful, vindictive, finger-pointer of a mayor.â€ You can watch the full candidates forum here. Ballots will begin arriving this week for the August 5th vote. Find all CHS Elections coverage here. $5 A MONTH TO HELP KEEP CHS PAYWALL-FREEğŸŒˆğŸ£ğŸŒ¼ğŸŒ·ğŸŒ±ğŸŒ³ğŸŒ¾ğŸ€ğŸƒğŸ¦”ğŸ‡ğŸğŸ‘ğŸŒğŸŒ» Subscribe to CHS to help us hire writers and photographers to cover the neighborhood. CHS is a pay what you can community news site with no required sign-in or paywall. To stay that way, we need you. Become a subscriber to help us cover the neighborhood for $5 a month -- or choose your level of support ğŸ‘","Wednesday, July 16, 2025 - 8:39 AM","['mayor', 'mayoral', 'election', 'candidate', 'police', 'mayor (title)', 'candidate (title)']",17.0,2025-08-01T13:42:23.723496,3414
https://www.capitolhillseattle.com/2025/07/mayor-proposes-adding-spd-surveillance-cameras-around-pike-pine-garfield-high-school/,Capitol Hill Seattle,"CHS Capitol Hill Seattle News Mayor proposes adding SPD surveillance cameras around Pike/Pine, Garfield High School LATEST CHS SUBSCRIBER TOTAL: 1,236","Harrell last week in Seattleâ€™s Real Time Crime Center (Image: City of Seattle) Seattle Mayor Bruce Harrell is proposing legislation that would bring Seattle Police Department surveillance cameras to Capitol Hillâ€™s Pike/Pine nightlife district. CHS first reported on the plan in December as Deputy Mayor Tim Burgess included the proposal during a public safety meeting with the neighborhoodâ€™s business community sparked by ongoing challenges around street crime and drug use around the Broadway-Pike/Pine core and Cal Anderson Park. Last week in a press conference to tout the success of SPDâ€™s Real Time Crime Center, Harrellâ€™s office said the mayor backs an expansion of a pilot program that already has cameras along Aurora Ave, 3rd Ave, and in the International District to include areas around Cal Anderson and Pike/Pine. The mayorâ€™s office is also backing expansion of the 24Ã—7 surveillance program to include the area around Garfield High School where the city and the district are spending thousands on security upgrades and community services to counter deadly gun violence that has marred the campus. Garfield is also being considered for a pilot program beginning this fall that would pay for a Seattle Police School Engagement Officer on the campus. The Harrell administration says it recently proposed legislation to the Seattle City Council that would expand â€œthe geographic areas where City CCTV cameras can be installed, including public streets and sidewalks around Garfield and Nova High Schools, the Capitol Hill Nightlife District, and the SODO Stadium Area,â€ according to a statement from City Hall. â€œThe legislation also authorizes the RTCC to view and record SDOT traffic cameras at select intersections and along major arterial roads in the city,â€ the mayorâ€™s office adds. (Image: City of Seattle) The proposed expansion comes as Harrell and new SPD Chief Shon Barnes touted the early success of the RTCC and the pilot creating the new SPD surveillance system combining Closed-Circuit Television Camera systems above the cityâ€™s streets with â€œreal-time crime centerâ€ software.after only two months of operation. The city says the new system â€œintegrates various video and data streams for enhanced analysis and investigation of crime incidents.â€ Since its launch on May 20, the upgraded center has played a role in investigating 600 reported incidents and was currently supporting 90 active criminal investigations, officials said last week. According to the city, RTCC analysts provide patrol officers and detectives with incident details, video images, and other relevant information, â€œoften as incidents are happening.â€ â€œRTCC analysts can communicate directly with officers in the field via police radio channels,â€ the city says. â€œDuring a recent gun violence incident near Aurora Avenue North, RTCC analysts used CCTV cameras to observe the shooting suspect, send an image of the suspect to responding patrol officers, and then advise officers of the escape route that the offender was taking.â€ SPD first rolled out the RTCC in 2015 funded through a $411,000 Department of Justice grant. The mayor hasnâ€™t put a public price tag on the new upgraded capabilities of Seattleâ€™s RTCC or the proposed surveillance camera expansions. The addition of the initial set of Aurora, 3rd Ave, and ID cameras was reported as $1.8 million. â€œOur Real Time Crime Center is already proving to be a vital tool in solving crimes and improving public safety across the city, supporting hundreds of investigations and accountability for dangerous offenders,â€ Harrell said in a statement. â€œBy investing in and leveraging evidence-based technology, weâ€™re giving our officers the resources they need to respond effectively while ensuring these tools are used responsibly and with strong safeguards. Public safety remains our top priority, and this initiative shows our commitment to creating safer neighborhoods for everyone in Seattle.â€ â€œOur Real Time Crime Center is already proving to be a vital tool in solving crimes and improving public safety across the city, supporting hundreds of investigations and accountability for dangerous offenders,â€ said Mayor Harrell. â€œBy investing in and leveraging evidence-based technology, weâ€™re giving our officers the resources they need to respond effectively while ensuring these tools are used responsibly and with strong safeguards. Public safety remains our top priority, and this initiative shows our commitment to creating safer neighborhoods for everyone in Seattle.â€ In the East Precinct, SPD has focused on drug issues and street disorder centered around Pike and Broadway and the area around Cal Anderson and Deputy Mayor Burgessâ€™s renewed efforts sparked by neighborhood outcry â€” and a key email from a neighborhood developer â€” over an October murder on 11th Ave. (Image: City of Seattle) Burgess said earlier this year his office was working on a plan to add the area around Cal Anderson and Pike/Pine identified by SPD as a trouble zone for drug crimes and street disorder to the anti-crime camera system pilot being rolled out in the area around Aurora Ave N, the International District including Little Saigon, and the 3rd Ave corridor downtown. Other City Hall initiatives including one of its biggest havenâ€™t made much of an impact. CHS reported here on the so far rarely used Capitol Hill Stay Out of Drug Area and the first recipient of a banishment order for the zone. Meanwhile, in the Central District, the 2024/2025 school year at Garfield High School began with new efforts around gun concerns at the 23rd Ave campus and across the city as Seattle officials led by Harrell announced a $14.5 million plan focused on intervention, mental health, and increased use of â€œschool-based safety specialistâ€ private security guards following the deadly lunchtime shooting of teen Amarr Murphy-Paine in June 2024 in the Garfield campus parking lot. The timeline for expanding the cameras to Pike/Pine and 23rd Ave is not clear as chair Bob Kettle must now move the legislation forward with the councilâ€™s public safety committee. Harrell, meanwhile, is engaged in a closer than expected race with challenger Katie Wilson as the August 5th primary approaches. $5 A MONTH TO HELP KEEP CHS PAYWALL-FREEğŸŒˆğŸ£ğŸŒ¼ğŸŒ·ğŸŒ±ğŸŒ³ğŸŒ¾ğŸ€ğŸƒğŸ¦”ğŸ‡ğŸğŸ‘ğŸŒğŸŒ» Subscribe to CHS to help us hire writers and photographers to cover the neighborhood. CHS is a pay what you can community news site with no required sign-in or paywall. To stay that way, we need you. Become a subscriber to help us cover the neighborhood for $5 a month -- or choose your level of support ğŸ‘","Tuesday, July 22, 2025 - 9:02 AM","['mayor', 'city council', 'public safety', 'police', 'SPD', 'legislation', 'mayor (title)', 'SPD (title)']",15.5,2025-08-01T13:42:23.704946,6573
https://www.capitolhillseattle.com/2025/03/a-welcoming-city-seattle-mayors-praise-for-musk-city-attorney-joins-trump-lawsuit-savage-campaign-goes-maga/,Capitol Hill Seattle,"CHS Capitol Hill Seattle News A â€˜Welcoming Cityâ€™ â€” Seattle mayorâ€™s praise for Musk, City Attorney joins Trump lawsuit, Savage campaign goes MAGA LATEST CHS SUBSCRIBER TOTAL: 1,236","Harrell looking to the left (Image: Downtown Seattle Association) It seems like it is only a matter of time before the nationâ€™s tech bro revolution figures prominently in Seattleâ€™s 2025 political battles. Mayor Bruce Harrellâ€™s office is explaining away his comments praising Elon Musk and other MAGA-aligned tech leaders last week while addressing the cityâ€™s business community at the annual â€œState of Downtownâ€ gathering. â€œThe mayor was not praising them, he was referencing they have an objective reputation as leaders in technology and innovation, and that it is a danger they are in the presidentâ€™s orbit,â€ the mayorâ€™s spokesperson told Publicola trying to explain the praise. â€œWe know that our current president surrounds himself by some of the smartest innovators around,â€ Harrell said as he veered off script in his business-friendly speech at the Downtown Seattle Association event. â€œWhen we drop names like Andreessen or Peter Thiel or David Sacks or Elon Musk, these are smart innovators.â€ The nuanced praise for Musk in the shadow of his Department of Government Efficiency work to gut major areas of the federal government and his increased efforts supporting right wing campaigns around the globe comes as Harrell is shaping his reelection campaign with themes around â€œcommon values,â€ â€œpublic safety solutions,â€ and â€œproven leadership to stand up for our values.â€ With his job going up for a vote, the veteran Seattle politician does not seem interested at this point in engaging in extra tangles with the Trump administration â€” though his office said the mayor â€œcertainly doesnâ€™t agree with their politicsâ€ in the statement provided to media in the wake of last weekâ€™s Downtown Seattle Association speech. It will be a tricky row to hoe for Seattle leaders facing reelection in 2025. Monday morning, City Attorney Ann Davison, who ran for Lt. Governor as a Republican in 2020, released a statement calling Seattle a â€œWelcoming City,â€ avoiding the â€œSanctuary Cityâ€ label championed in past battles with Trump over immigration, as she announced Seattle will join San Francisco, Portland, â€œand many other jurisdictions across the countryâ€ in filing suit against the Trump administration over its threats to cut to cut federal resources to cities â€œthat do not conduct federal immigration enforcement.â€ â€œIt is not against the law to be a welcoming city. For more than 20 years, the City of Seattle, by ordinance, has directed its employees to not inquire about a personâ€™s immigration status, absent a legal obligation to do so,â€ the Davison statement reads. â€œIt is well within our authority to direct our employees in this manner.â€ Davison announced in January she would seek reelection joining public safety collaborators Harrell and City Council president Sara Nelson on the Seattle campaign trail. In the mayorâ€™s race, meanwhile, none of the candidates lining up to oppose Harrell at this point have the mayorâ€™s name recognition but one of them is being very straightforward in their approach to Making America Great Again. â€œCalling all MAGA Republicans in WA State. We need your help from outside the blue city,â€ Harrell challenger and Capitol Hill shop owner Rachael Savage pleaded on social media this week seeking financial support for her campaign. CHS reported here on Savageâ€™s campaign launch as a Republican for the non-partisan mayorâ€™s office as the candidate is promising to lead an end to â€œthe addiction and mental illness epidemicâ€ with a major crackdown in which the cityâ€™s police and prosecutors â€œarrest, charge and convict every person committing crimes on the streets of Seattle no matter how small those crimes are.â€ $5 A MONTH TO HELP KEEP CHS PAYWALL-FREEğŸŒˆğŸ£ğŸŒ¼ğŸŒ·ğŸŒ±ğŸŒ³ğŸŒ¾ğŸ€ğŸƒğŸ¦”ğŸ‡ğŸğŸ‘ğŸŒğŸŒ» Subscribe to CHS to help us hire writers and photographers to cover the neighborhood. CHS is a pay what you can community news site with no required sign-in or paywall. To stay that way, we need you. Become a subscriber to help us cover the neighborhood for $5 a month -- or choose your level of support ğŸ‘","Monday, March 3, 2025 - 1:49 PM","['mayor', 'city council', 'candidate', 'public safety', 'police', 'ordinance', 'mayor (title)']",15.5,2025-08-01T13:42:23.722440,4008
https://www.king5.com/article/news/politics/elections/tacoma-mayoral-race-candidates-primary-election/281-27a7f549-e88b-4b3e-8f6a-e07b5d9c693d,KING 5,Tacoma mayoral race: Six candidates vie to become mayor in primary election,Six candidates are seeking to become Tacoma's next mayor. The current mayor is not seeking reelection due to term limits.,"Fri, 01 Aug 2025 00:43:09 GMT","['mayor', 'mayoral', 'election', 'mayor (title)', 'mayoral (title)', 'election (title)', 'candidate (title)']",15.0,2025-08-01T13:42:29.648140,121
https://www.capitolhillseattle.com/2025/02/not-every-executive-order-is-terrible-mayor-issues-order-hoped-to-speed-construction-of-light-rail-to-west-seattle-ballard/,Capitol Hill Seattle,"CHS Capitol Hill Seattle News Not every executive order is terrible â€” Mayor issues order hoped to speed construction of light rail to West Seattle, Ballard LATEST CHS SUBSCRIBER TOTAL: 1,236","Not every executive order these days is terrible. Mayor Bruce Harrell has issued an executive order â€œSupporting and Expediting Sound Transit 3 Investments in the City of Seattleâ€ hoped to help speed construction of new light rail connections to Ballard and West Seattle. Harrell, fresh off the annual â€œstate of the cityâ€ address in which he put forward a raft of urbanist and growth initiatives to join his continued messages around addressing public safety and downtown business concerns as he seeks reelection, said his office â€œwill lead the development of and transmit to the City Council legislation to streamline the permit process for this major project,â€ saying the city will consider â€œland use code changes, formal adoption of ST3 projects, and supportive property transactionsâ€ to â€œspeed up light rail deliveryâ€ of the highly anticipated new connections. Letâ€™s check in with the locals. â€œIt still is short on actual details of what kind of zoning changes will be proposed, among other things, saying only â€˜In 2025 and 2026, my administration will develop several bodies of legislation, including land use code amendments, formal adoption of the ST3 projects, and necessary real property transactions to allow the projects to proceed as quickly as possible,'â€ the West Seattle Blog reports, adding that the order â€œalso says that while thereâ€™s currently a team with 20 full-time city employees focused on ST3 (the ballot measure that included the West Seattle/Ballard extensions), that will be multiplied.â€ My Ballard focuses on the money. â€œTo keep the project on track, the City is allocating $5.2 million in 2025 and $6.8 million in 2026 to hire up to 50 additional staff members to focus on design, permitting, construction, and station planning,â€ My Ballard reports. â€œThe expanded office will also create a four-year plan to ensure safe, accessible stations with thoughtful design, improved access routes, safety measures, and equitable development around transit hubs.â€ The current timeline calls for the nearly 8 mile light rail extension to Ballard to open by 2039. My Ballard says it will include nine new stations, in addition the needed second downtown transit tunnel, and a Salmon Bay crossing. The West Seattle link will be half as long and is currently planned to be fully delivered by 2032. It is projected to cost between $6.7 and $7.1 billion. The Ballard extension? It is forecasted to cost more than $11 billion. Both extensions were part of the $53.8 billion Sound Transit 3 tax package approved by voters in 2016. Meanwhile, testing efforts â€” and frequent service disruptions â€” continue as Sound Transit prepares to open Judkins Park Station and the complete 2 Line light rail system connecting Seattle and the Eastside via I-90 by â€œlateâ€ 2025. $5 A MONTH TO HELP KEEP CHS PAYWALL-FREEğŸŒˆğŸ£ğŸŒ¼ğŸŒ·ğŸŒ±ğŸŒ³ğŸŒ¾ğŸ€ğŸƒğŸ¦”ğŸ‡ğŸğŸ‘ğŸŒğŸŒ» Subscribe to CHS to help us hire writers and photographers to cover the neighborhood. CHS is a pay what you can community news site with no required sign-in or paywall. To stay that way, we need you. Become a subscriber to help us cover the neighborhood for $5 a month -- or choose your level of support ğŸ‘","Friday, February 21, 2025 - 7:30 AM","['mayor', 'city council', 'zoning', 'public safety', 'development', 'legislation', 'ballot measure', 'mayor (title)']",14.5,2025-08-01T13:42:23.705943,3135
https://www.capitolhillseattle.com/2025/03/kuow-details-mayor-bruce-harrells-1996-gun-arrest/,Capitol Hill Seattle,"CHS Capitol Hill Seattle News KUOW details Mayor Bruce Harrellâ€™s 1996 gun arrest LATEST CHS SUBSCRIBER TOTAL: 1,236","From the KUOW report As he campaigns for reelection, Mayor Bruce Harrell has a gun problem. KUOW reported new details this week from a 1996 incident where the then 37-year-old lawyer working in Nebraska pulled a gun on a man and a woman in a dispute over a parking spot at an Iowa casino. â€œWe was like, â€˜What the hell is going on?!â€ the woman, who was eight months pregnant at the time, told KUOW recalling the incident 30 years later. â€œIt scared us.â€ KUOW broke the story on Harrellâ€™s 1996 arrest in February but the new reporting provides perspective from the couple on other end of the dispute and details how the case was dismissed and never addressed as Harrell rose at City Hall as a member of the city council and then Seattleâ€™s mayor. The small incident made news at the time, KUOW reports, because Harrell had been appointed to a housing authority board in Omaha. Harrell admitted to â€œdisplaying a gunâ€ but said it was because of death threats he received after the appointment. After he was arrested and booked in the gun incident, KUOW says Harrell removed his name for consideration for the board. The case, however, was eventually dropped. Harrellâ€™s spokesperson told KUOW this week the mayor was the victim. â€œIn some ways, this was an introduction to the hostilities the mayor would receive as a public servant, and reminiscent of the treatment and bigotry he has received throughout his life as a biracial person by people of all races and backgrounds who see him as different,â€ the spokesperson told KUOW. The spokesperson told KUOW Harrell hired a law firm in 1996 â€œto write to the casino that Harrellâ€™s constitutional rights were violated because of â€˜unreasonable search and seizures based on racial profiling'â€ but no lawsuit was filed. The controversy over the incident is tempered by time and distance but will be another talking point in the 2025 election season. CHS reported here on the challenges Harrell and other Seattle incumbents face standing strong against the Trump administration while also not attracting vindictive attention from Washington D.C. Harrell is shaping his reelection campaign with themes around â€œcommon values,â€ â€œpublic safety solutions,â€ and â€œproven leadership to stand up for our values.â€ So far, his field of challengers is limited to candidates with little or no political experience in the city. $5 A MONTH TO HELP KEEP CHS PAYWALL-FREEğŸŒˆğŸ£ğŸŒ¼ğŸŒ·ğŸŒ±ğŸŒ³ğŸŒ¾ğŸ€ğŸƒğŸ¦”ğŸ‡ğŸğŸ‘ğŸŒğŸŒ» Subscribe to CHS to help us hire writers and photographers to cover the neighborhood. CHS is a pay what you can community news site with no required sign-in or paywall. To stay that way, we need you. Become a subscriber to help us cover the neighborhood for $5 a month -- or choose your level of support ğŸ‘","Friday, March 7, 2025 - 8:01 AM","['mayor', 'city council', 'election', 'housing', 'public safety', 'mayor (title)']",14.5,2025-08-01T13:42:23.716129,2712
https://www.capitolhillseattle.com/2025/05/seattle-police-clear-sunbathers-at-denny-blaine-park/,Capitol Hill Seattle,"CHS Capitol Hill Seattle News Seattle Police clear sunbathers at Denny Blaine Park â€” UPDATE: Mayor, Hollingsworth respond LATEST CHS SUBSCRIBER TOTAL: 1,236","Police were at Denny Blaine Sunday(Image: @mom_calls_me_myrtle) A police officer â€œon a premiseâ€ assignment at Denny Blaine Park caused a stir Sunday at the nude beach east on the shores of Lake Washington. The Seattle Police Department is apparently cracking down on the popular Capitol Hill sunny day getaway. Reports describe multiple police officers called to the scene Sunday telling afternoon park goers to cover up and trespassing one sunbather who refused, according to Colleen Kimseylove of the Friends of Denny Blaine Park community group that has been trying to find solutions that protect the parkâ€™s history and place in Seattle queer culture while also placating increasing hostile neighbors in the wealthy neighborhood that surrounds the nude-friendly beach and park that has been affectionately known as Dykiki for decades. â€œWhen Kimseylove arrived, they spoke to SPD Officer Ella Brooks who told Kimseylove that no Seattle law protects nudity, and if someone called and complained, SPD officers had to respond,â€ independent Seattle news site The Burner reports. â€œThe cops also told Kimseylove that someone had directed SPD to routinely check in on the park. They told Kimseylove that people needed to put their clothes on or be trespassed or potentially arrested.â€ SPD reportedly told one sunbather who argued with officers Sunday they were banned from the park for the week. The department has not publicly provided details of the order. Seattle Parks, whose Park Rangers are authorized to formally trespass individuals for breaking park rules, says it issued no trespasses at the park this weekend. The police presence at the park began just before 2:30 PM Sunday when an officer checked in on East Precinct radio â€œon a premiseâ€ in Denny Blaine Park. Less than five minutes into the beat, she called in for a supervisor. While an officer reporting in â€œon a premiseâ€ can have multiple meanings, it typically indicates an officer is beginning a patrol at an assigned location. Officers check in this way, for example, when SPD is conducting emphasis patrols at specific locations like a school or a business. CHS asked SPD for more information about the incident that followed, the reported trespass, and the premise assignment but the department has not yet responded. The Burner reports it has been told that neighbors have also hired private security to keep watch on the park and deal with police. The apparent crackdown follows filing a lawsuit from unnamed park neighbors demanding the city address concerns at Denny Blaine over â€œpublic masturbation, public sex and other types of indecent exposure, drug use, unlawful public nudity, environmental damage to the shoreline, and scofflaw parking.â€ The suit all but ends any chance at goodwill and compromise the Friends of Denny Blaine group has been forging. The group has been meeting regularly to find community solutions that also protect the parkâ€™s place with queer and nudist communities. The friends group successfully pushed back in 2023 on a plan quietly shepherded by Mayor Bruce Harrell to add a childrenâ€™s playground to the park with the help of a no longer-anonymous donation from Denny Blaine neighbor and Seattle mall developer Stuart Sloan. Sunday, meanwhile, is not the first time officials have tried to change behavior at Denny Blaine. Seattle Parks has tried here and there over the years to timidly suggest sunbathers cover up but never before with cops threatening arrest. Given the city and SPDâ€™s silence on the matter so far, it may not be the last. Sundayâ€™s weather was 60 F and breezy. Tuesday, highs are predicted to approach 80 F before a bout of rain hits the city this weekend. UPDATE: Weâ€™ve also reached out to District 3 representative and chair of the city councilâ€™s parks committee Joy Hollingsworth to learn more about what is being done to protect community use of the park and will update when we hear back. UPDATE x2: Hollingsworth declined to comment at this time. â€œOnce we receive more information and facts, we will have a better understanding of the situation,â€ the council member said. UPDATE x3 5/7/2025 8 AM: Hollingsworth says she is â€œcontinuing to closely monitor the situation at Denny Blaine Park, particularly in light of the events that took place last Sunday.â€ In a statement posted Tuesday on social media, Hollingsworth, who is gay, said she recognizes â€œthe deep significance of Denny Blaine to our LGBTQ+ communityâ€ and is â€œcommitted to preserving and protecting safe, inclusive public spaces for all.â€ Hollingsworth, chair of the councilâ€™s parks committee, says she has been in â€œactive communicationâ€ with the Seattle Police Department, Seattle Parks and Recreation, and the Mayorâ€™s Office about the Sunday enforcement, and expressed her concerns over the situation, â€œunderscoring the need for a thoughtful, community-centered approach moving forward.â€ SPDâ€™s enforcement efforts donâ€™t seem to fit that approach. For now, Hollingsworth is still talking compromise. â€œMy ongoing hopeâ€”and priorityâ€”is that we can collaboratively develop a solution that respects the parkâ€™s unique heritage while ensuring the safety, dignity, and well-being of everyone who visits,â€ she concludes. Katie Wilson, who is challenging incumbent Bruce Harrell for the Seattle Mayorâ€™s office this year, also added her voice to the condemnation of SPDâ€™s actions, calling the actions a seeming â€œPlan Bâ€ after efforts to change Denny Blaine like plans for the playground were scuttled. â€œAs Iâ€™ve been talking with voters around the City, I hear again and again that people want a police force that is adequately staffed but also responsive, trustworthy, and accountable to the communities it serves,â€ Wilson said in her updates on social media. â€œIt was jarring to read this story about Denny Blaine just after a grocery worker told me about nearly being stabbed on the job and then waiting a very, very long time for police to arrive. What are our priorities? Why are we sending police to harass harmless people hanging out at a queer nude beach?â€ â€œOf course, we know why,â€ she writes. â€œBecause wealthy neighbors donâ€™t want those people there. Just like they wanted the City to build a playground at Denny Blaine to drive them out. And Mayor Harrellâ€™s administration was all set to obligeâ€” until the community organized & pushed back.â€ â€œItâ€™s hard to avoid the suspicion that this police prodding is Plan B,â€ Wilson said. â€œAnd it certainly sounds like this strategy is coming from the top. It is mind-boggling that with the multiple major challenges and crises our city is facing, this is what weâ€™re doing.â€ Harrell, who said he shared â€œdisgustâ€ over the complaints of nudity and lewd behavior at the park in text messages revealed last year, has not yet publicly responded to the Sunday SPD enforcement at the park. UPDATE x4 5/7/2025 9:50 AM: In a statement, the his office say Mayor Harrell has not â€œdirected a change to SPD patrols or approach to enforcement at Denny Blaine Park.â€ â€œAs weâ€™ve said before, Mayor Harrell recognizes that people have a right to use the park nude under State law,â€ a spokesperson said. The spokesperson told CHS the mayorâ€™s office would need to â€œdefer to SPD on the details of specific events or any individual enforcement actions taken.â€ SPDâ€™s communications team has not replied to CHSâ€™s previous inquiries about the situation. We have added them to our conversation with the mayorâ€™s office. $5 A MONTH TO HELP KEEP CHS PAYWALL-FREEğŸŒˆğŸ£ğŸŒ¼ğŸŒ·ğŸŒ±ğŸŒ³ğŸŒ¾ğŸ€ğŸƒğŸ¦”ğŸ‡ğŸğŸ‘ğŸŒğŸŒ» Subscribe to CHS to help us hire writers and photographers to cover the neighborhood. CHS is a pay what you can community news site with no required sign-in or paywall. To stay that way, we need you. Become a subscriber to help us cover the neighborhood for $5 a month -- or choose your level of support ğŸ‘","Monday, May 5, 2025 - 3:57 PM","['mayor', 'city council', 'police', 'SPD', 'parks', 'mayor (title)', 'police (title)']",13.5,2025-08-01T13:42:23.715145,7782
https://www.capitolhillseattle.com/2025/05/these-27-people-want-to-run-seattle-plus-why-rachael-savage-is-now-running-for-city-council-not-mayor/,Capitol Hill Seattle,"CHS Capitol Hill Seattle News These 27 people want to run Seattle â€” Plus, why Rachael Savage is now running for City Council, not mayor LATEST CHS SUBSCRIBER TOTAL: 1,236","Tuesday night will bring one of the first forums of the 2025 political season in Seattle now that the final field of candidates for the August Primary is set following last weekâ€™s filing deadline. Tuesday nightâ€™s Young Democrats at UW Candidate Forum will be broadcast online. Check out @youngdemocrats_uw for details and links. Seattleâ€™s 2025 races for mayor, city attorney, and three seats on the city council will involve Seattleâ€™s wall of mostly moderate Democrat incumbents facing challenges from the left â€” and a few from the right. One Capitol Hill-based political opponent to Mayor Bruce Harrell wonâ€™t be taking him on in the primary. Broadway boutique-owner and Republican neighborhood activist Rachael Savage has opted to file to be part of the race to challenge Alexis Mercedes Rinck for her citywide Position 8 seat on the city council. CHS asked Savage about the change after months of fundraising built around her planned challenge to Harrell. The mayorâ€™s race has drawn eight other challengers to Harrell, however. CHS reported here on the campaign launch earlier this year for progressive activist Katie Wilson who has worked with organizations like the Transit Riders Union, and helped lead minimum wage and renter rights campaigns around the region. On the other side of the spectrum, business friendly candidate and former T-Mobile executive Joe Mallahan is back for a reheat more than a decade after he and Mike McGinn knocked incumbent Greg Nickels out in the cityâ€™s 2009 primary. McGinn, of course, battled with Mallahan over things like the plans for the First Hill Streetcar but went on to easy victory that fall. The Savage campaign says the arrival of Mallahan in the race signaled its exit, saying the â€œlast minute entry of millionaire candidate into the race changed the math.â€ Now, the Savage campaign folks say they have a â€œwinnable raceâ€ lined up for the council. You can find CHS Elections coverage here. SEATTLE 2025 CAMPAIGNS MAYOR CITY ATTORNEY CITY COUNCIL DISTRICT 2 CITY COUNCIL POSITION 8 CITY COUNCIL POSITION 9 $5 A MONTH TO HELP KEEP CHS PAYWALL-FREEğŸŒˆğŸ£ğŸŒ¼ğŸŒ·ğŸŒ±ğŸŒ³ğŸŒ¾ğŸ€ğŸƒğŸ¦”ğŸ‡ğŸğŸ‘ğŸŒğŸŒ» Subscribe to CHS to help us hire writers and photographers to cover the neighborhood. CHS is a pay what you can community news site with no required sign-in or paywall. To stay that way, we need you. Become a subscriber to help us cover the neighborhood for $5 a month -- or choose your level of support ğŸ‘","Monday, May 12, 2025 - 2:06 PM","['mayor', 'city council', 'candidate', 'mayor (title)', 'city council (title)']",12.0,2025-08-01T13:42:23.701674,2414
https://www.seattletimes.com/seattle-news/politics/seattle-district-2-council-race-approaches-primary-election/?utm_source=RSS&utm_medium=Referral&utm_campaign=RSS_seattle-news,Seattle Times RSS,Seattle District 2 council race approaches primary election,"<img src=""https://images.seattletimes.com/wp-content/uploads/2025/07/07302025_TZR_Seattle_Council_District_2_Candidates-.jpg?d=1200x630"" /><br />Four people are running for the open Seattle City Council seat that represents much of South Seattle. Here's where they fall on pressing issues in the district.","Fri, 01 Aug 2025 06:00:00 -0700","['city council', 'election', 'election (title)']",7.5,2025-08-01T13:42:29.645577,305
http://web.archive.org/web/20250730050005/https://www.seattletimes.com/newsroom-staff/,Seattle Times,Newsroom staff,"General news tips: Fill out the form under â€œContact the newsroom.â€ Confidential news tips: See your options for contacting us with additional security to protect your identity. Reach a specific journalist: Browse the tabs on the left side of this page to find the person you need. TECHNOLOGY | AEROSPACE | MICROSOFT | AMAZON | STARBUCKS | REAL ESTATE Levi Pulkkinen, business editor 206.464.3193. lpulkkinen@seattletimes.com. Twitter: @levipulk. Rania Oteify, deputy business editor 206.652.6225 roteify@seattletimes.com. Jessica Fu, business reporter 206.464.8286. jfu@seattletimes.com. Heidi Groover, real estate reporter 206.464.8273. hgroover@seattletimes.com. Twitter: @heidigroover. Alex Halverson, tech reporter 206.652.6352. ahalverson@seattletimes.com Twitter: @byalexhalverson Paul Roberts, business reporter 206.464.2951. proberts@seattletimes.com Twitter: @Pauledroberts. Lauren Rosenblatt, Boeing & aerospace reporter 206.464.2927. lrosenblatt@seattletimes.com Twitter: @LRosenblatt_. Megan Ulu-Lani Boyanton, business reporter 206.652.6373. mboyanton@seattletimes.com Twitter: @meganululani Bluesky: @meganululani.bsky.social Jon Talton, columnist jtalton@seattletimes.com. Twitter: @JonTalton. LOCAL NEWS | BUSINESS | SPORTS | ENTERTAINMENT | LIFE Anne Christnovich, digital editor 206.464.2450. achristnovich@seattletimes.com. Twitter: @anne_c_1234. Newsroom Producers, 206.464.2558. Jeff Albertson, metro producer 206.464.2304. jalbertson@seattletimes.com. Twitter: @Jeff_Albertson. Agnes Al-Shibibi, opinion desk editor 206.464.2763. aalshibibi@seattletimes.com. Michelle Archer, news producer 206.652.6238. marcher@seattletimes.com. Jon Christon, news producer 206.652.6575. jchriston@seattletimes.com. Chris Cole, sports producer 206.464.2229. ccole@seattletimes.com. Twitter: @ccole20. Qina Liu, senior news producer 206.464.2203. qliu@seattletimes.com. Twitter: @qinaliu. Fareeha Rehman, news producer 206.464.8280. frehman@seattletimes.com. Ryan Nguyen, news producer 206.464.2984. rnguyen@seattletimes.com. Twitter: @ryannguy_n. BOOKS | MOVIES | MUSIC | THEATER Trevor Lenzmeier, features editor (direct contact for food, arts economy and visual arts-related stories) 206.464.8995. tlenzmeier@seattletimes.com. Twitter: @TrevLenz. Janet Tu, assistant features editor (direct contact for movies, TV, performance arts, travel and culture-related stories) 206.464.2272. jtu@seattletimes.com. Twitter: @janettu. Elijah Watson, assistant features editor overseeing arts 206.652.7990. ewatson@seattletimes.com. Dominic Baez, desk editor, freelance TV and movies coordinator 206.464.3349. dbaez@seattletimes.com. Yasmeen Wafai, desk editor, freelance books coordinator 206.464.2763. ywafai@seattletimes.com. Moira Macdonald, arts critic 206.464.2725. mmacdonald@seattletimes.com. Twitter: @moiraverse. Michael Rietmulder, music writer 206.652.6590. mrietmulder@seattletimes.com. Twitter: @mrietmulder. Margo Vansynghel, arts economy reporter 206.464.3760. mvansynghel@seattletimes.com. Gemma Wilson, arts and culture reporter 206.464.2948. gwilson@seattletimes.com. Nicole Pasia, features engagement reporter npasia@seattletimes.com. Frank Mina, assistant managing editor 206.464.2573. fmina@seattletimes.com. Twitter: @FMina. Wayne Begasse, page designer 206.464.2923. wbegasse@seattletimes.com. Boo Billstein, magazine designer 206.464.2985. bbillstein@seattletimes.com. Gabriel Campanario, graphic artist 206.464.8795. gcampanario@seattletimes.com. Twitter: @SeattleSketcher. Jacie Landeros, page designer. jlanderos@seattletimes.com. Jennifer Luxton, page designer jluxton@seattletimes.com. Twitter: @JenniferLuxton. Fiona Martin, graphic artist. fmartin@seattletimes.com. Mark Nowlin, lead graphic artist 206.464.2208. mnowlin@seattletimes.com. Rita Wong, page designer 206.464.2940. rwong@seattletimes.com. TIMES WATCHDOG HOMEPAGE Laura Greanias, interim investigations editor 206.464.2588. lgreanias@seattletimes.com. Twitter: @LauraGreanias. Sydney Brownstone, reporter 206.464.3225. sbrownstone@seattletimes.com. Twitter: @sydbrownstone. Patrick Malone, reporter 206.464.2231. pmalone@seattletimes.com. Twitter: @pmalonedc. Rebecca Moss, reporter 206.464.2234. rmoss@seattletimes.com. Twitter: @RebeccaKMoss. Lulu Ramadan, reporter 206.464.2331. lramadan@seattletimes.com. Twitter: @luluramadan. Mike Reicher, reporter 206.464.2289. mreicher@seattletimes.com. Twitter: @mreicher. Manuel Villa, data journalist 206.464.2262. mvilla@seattletimes.com. Twitter: @mvilla1859. Miyoko Wolf, news researcher 206.464.8987. miwolf@seattletimes.com. Click here to send us a confidential news tip. FOOD & DRINK | TRAVEL | OUTDOORS | HOME & DECOR Trevor Lenzmeier, features editor (direct contact for food and arts economy-related stories) 206.464.8995. tlenzmeier@seattletimes.com. Twitter: @TrevLenz. Janet Tu, assistant features editor (direct contact for movies, TV, performance arts, travel and culture-related stories) 206.464.2272. jtu@seattletimes.com. Twitter: @janettu. Elijah Watson, assistant features editor (direct contact for arts, theater, visual arts, music-related stories) 206.652.7990. ewatson@seattletimes.com. Bethany Jean Clement, food writer 206.464.2050. bclement@seattletimes.com. Instagram: @bethanyjeanclement. Jackie Varriano, food writer 206.464.2225. jvarriano@seattletimes.com. Tan Vinh, food writer 206.515.5656. tvinh@seattletimes.com. Twitter: @tanvinhseattle. Gregory Scruggs, outdoors reporter 206.652.6514. gscruggs@seattletimes.com. Nicole Pasia, features engagement reporter npasia@seattletimes.com. LOCAL NEWS HOME | TRANSPORTATION | EDUCATION Metro Desk, 206.464.2204. Zachariah Bryan, law and justice editor 206.652.6602. zbryan@seattletimes.com. Twitter: @ZachariahTB Molly Harbarger, Project Homeless editor 206.464.2924. mharbarger@seattletimes.com. Twitter: @MollyHarbarger. Caleb Hutton, night and weekend editor 206.464.3190. chutton@seattletimes.com. Twitter: @calebatsea Yihyun Jeong, deputy metro editor 206.464.2283. yjeong@seattletimes.com. Twitter: @yihyun_jeong. Beth Kaiman, assistant metro editor 206.464.2441. bkaiman@seattletimes.com. Jonathan Martin, state government and politics editor 206.464.2605. jmartin2@seattletimes.com. Gwen Florio, Education Lab editor 206.652.6648. gflorio@seattletimes.com. Jeong Park, morning editor 206.464.2720. jpark@seattletimes.com. Diana Samuels, Mental Health Project editor and deputy metro editor 206.464.2074. dsamuels@seattletimes.com. Twitter: @dzsamuels. Anika Varty, assistant metro editor 206.464.2569. avarty@seattletimes.com. Twitter: @anikavarty. Benjamin Woodard, Climate Lab editor 206.464.2236. bwoodard@seattletimes.com. Twitter: @benjamdub. Jeff Albertson, metro producer 206.464.2304. jalbertson@seattletimes.com. Twitter: @Jeff_Albertson. Gene Balk, FYI Guy columnist 206.515.5052. gbalk@seattletimes.com. Twitter: @genebalk. Dahlia Bazzaz, education reporter 206.464.8522. dbazzaz@seattletimes.com. Twitter: @dahliabazzaz. Daniel Beekman, politics and communities reporter 206.464.2164. dbeekman@seattletimes.com. Twitter: @DBeekman. Taylor Blatchford, Mental Health engagement reporter 206.464.2280. tblatchford@seattletimes.com. Twitter: @blatchfordtr. Isabella Breda, Climate Lab reporter 206.652.6536. ibreda@seattletimes.com. Jim Brunner, politics reporter 206.515.5628. jbrunner@seattletimes.com. Twitter: @Jim_Brunner Claire Bryan, Education Lab reporter 206.464.8946. cbryan@seattletimes.com. Twitter: @claireab320 Mike Carter, criminal justice reporter 206.464.3706. mcarter@seattletimes.com. Twitter: @stimesmcarter. Paige Cornwell, breaking news lead reporter 206.464.2530. pcornwell@seattletimes.com. Twitter: @pgcornwell. Nicholas Deshais, Traffic Lab reporter 206.464.2932. ndeshais@seattletimes.com. Caitlyn Freeman, breaking news reporter 206.464.8144. cfreeman@seattletimes.com. Hannah Furfaro, Mental Health reporter hfurfaro@seattletimes.com. Twitter: @HannahFurfaro. Catalina GaitÃ¡n, breaking news reporter 206.464.8276. cgaitan@seattletimes.com. Twitter: @catalinagaitan_. Lauren Girgis, general assignment metro reporter 206.652.6591. lgirgis@seattletimes.com. Twitter: @laurengirgis. Kai Uyehara, breaking news reporter 206.652-6419. kuyehara@seattletimes.com. Sara Jean Green, criminal justice reporter 206.515.5654. sgreen@seattletimes.com. Twitter: @SJGTimes. David Gutman, politics reporter 206.464.2926. dgutman@seattletimes.com. Twitter: @davidlgutman. Naomi Ishisaka, assistant managing editor and social justice columnist 206.652.6522. nishisaka@seattletimes.com. Twitter: @naomiishisaka. Greg Kim, Project Homeless reporter 206.464.2532. grkim@seattletimes.com. David Kroman, city hall reporter 206.464.3196. dkroman@seattletimes.com. Twitter: @KromanDavid. Mike Lindblom, Traffic Lab reporter 206.515.5631. mlindblom@seattletimes.com. Twitter: @MikeLindblom. Lynda V. Mapes, environment reporter 206.464.2515. lmapes@seattletimes.com. Twitter: @LyndaVMapes. Anna Patrick, Project Homeless reporter 206.464.2157. apatrick@seattletimes.com. Twitter: @annaleapatrick. Jayati Ramakrishnan, Mental Health reporter 206.464.8997. jramakrishnan@seattletimes.com. Nina Shapiro, social issues reporter 206.464.3303. nshapiro@seattletimes.com. Twitter: @NinaShapiro. Shauna Sowersby, state government reporter 206.652.7619. ssowersby@seattletimes.com. Denisa R. Superville, K-12 education reporter 206.464.8216. dsuperville@seattletimes.com. Twitter: @drsuperville. Conrad Swanson, Climate Lab reporter 206.464.3805. cswanson@seattletimes.com. Twitter: @Conrad_Swanson. Elise Takahama, health reporter 360.236.8268. etakahama@seattletimes.com. Twitter: @elisetakahama. Danny Westneat, columnist 206.464.2086. dwestneat@seattletimes.com. Claire Withycombe, early childhood education reporter 206.464.2578. cwithycombe@seattletimes.com. Twitter: @kcwithycombe Miyoko Wolf, news researcher 206.464.8987. miwolf@seattletimes.com. Alexandra Yoon-Hendricks, race and equity reporter 206.464.2246. ayoonhendricks@seattletimes.com. Twitter: @ayoonhendricks. Amanda Zhou, Climate Lab reporter 206.464.2508. azhou@seattletimes.com. Twitter: @AmondoZhou. BUSINESS/TECH Jon Talton comments on economic news, issues and trends, with an emphasis on Seattle and the Northwest. jtalton@seattletimes.com. Twitter: @JonTalton. LOCAL NEWS FYI Guy Gene Balk crunches the numbers. Gene first came to The Seattle Times as a news librarian in 2002 and has transitioned into the go-to data columnist in the region. 206.515.5052. gbalk@seattletimes.com. Twitter: @GeneBalk. Naomi Ishisaka writes about race, culture and equity, through a social-justice lens. 206.652.6522. nishisaka@seattletimes.com. Twitter: @naomiishisaka. Danny Westneat takes an opinionated look at the Puget Sound region's news, people and politics. 206.464.2086. dwestneat@seattletimes.com. SPORTS Matt Calkins joined The Seattle Times in August 2015 as a sports columnist after three years at the San Diego Union Tribune. Never afraid to take a stand or go off the beaten path, Matt enjoys writing about the human condition every bit as much as walk-offs or buzzer-beaters. His mom reads the comments, so take it easy on him. 206.464.3185. mcalkins@seattletimes.com. Twitter: @matt_calkins. Mike Vorel joined The Seattle Times in July 2018, after spending three years writing about Notre Dame football for the South Bend (Ind.) Tribune. He knows now that umbrellas are overrated and the marine layer is merciless. As a sports columnist, he strives to tell essential stories you canâ€™t find anywhere else. (206) 464-3292. mvorel@seattletimes.com. Twitter: @mikevorel Kris Higginson, news desk chief and Morning Brief editor 206.464.3246. khigginson@seattletimes.com. Bill Lewis, p.m. news editor 206.464.2751. wlewis@seattletimes.com. Kaleigh Carroll, news desk editor 206.652.6542. kcarroll@seattletimes.com. Karen Cater, news desk editor 206.464.8975. kcater@seattletimes.com. Raquel Comerford, news desk editor 206.464.2152. rcomerford@seattletimes.com. Laura Gordon, news coordinator 206.464.2955. lgordon@seattletimes.com. Twitter: @LaGoSea. Brandon Foster, news desk editor and Evening Brief editor 206.464.6559. bfoster@seattletimes.com Julie Hanson, news desk editor 206.464.8557. jhanson@seattletimes.com. Janelle Kohnert, news desk editor 206.464.8976. jkohnert@seattletimes.com Andrew Koleski, news desk editor 206.464.8318. akoleski@seattletimes.com Angela Lo, news desk editor 206.464.6543. alo@seattletimes.com. Emmanuel Lopez, news desk editor 206.464.8990. elopez@seattletimes.com. Carole McClosky, news desk editor 206.464.8258. cmcclosky@seattletimes.com. Neena Pellegrini, news desk editor 206.464.3114. npellegrini@seattletimes.com. Larissa Pfeifer, news desk editor 206.464.8214. lpfeifer@seattletimes.com. Craig Reese, news desk editor 206.464.3123. creese@seattletimes.com. Elouise Schumacher, news desk editor 206.464.8973. eschumacher@seattletimes.com. EDITORIALS | LETTERS Editorial board members: Kate Riley is the editorial page editor, who works with The Times editorial board to develop the opinion page's positions on issues. She joined The Times' editorial page in 2002 as a writer and columnist. A graduate of Redmond High School and the University of Washington, she returned to the Seattle area after spending 17 years working at Eastern Washington newspapers where she was a reporter, editorial writer and editorial page editor. She started her career as a farm writer for the Times-owned Walla Walla Union-Bulletin (Think Walla Walla Sweet Onions and the wine industry.) 206-464-2260. kriley@seattletimes.com. Twitter: @k8riley. Melissa Davis joined the editorial board after 17 years in The Seattle Times newsroom as a copy editor, arts editor and front-page editor/copy desk chief. She returned to the Northwest after six years in a Central California newsroom â€“ a dry, citrus-filled break from many years at small Oregon dailies. A native Oregonian, she graduated from the University of Oregon School of Journalism. Sheâ€™s occasionally aided in making editing decisions by her tuxedo cats, Sacco and Vanzetti. 206-464-2506. mdavis@seattletimes.com. Alex Fryer joined The Seattle Times editorial board in 2021. A Seattle native, Alex graduated from the University of Washington. After working as a reporter for the Puget Sound Business Journal, Alex joined the Times in 1997, where he covered several different beats and served as the paperâ€™s Washington DC correspondent. He joined the administration of Mayor Greg Nickels in 2007 as press secretary and senior advisor. He later worked as a consultant. In 2016, Alex became communications director for the King County Executiveâ€™s Office. Alexâ€™s black Labrador often takes him for walks around his West Seattle neighborhood. 206-464-2437. afryer@seattletimes.com. Twitter: @alexfryer7. Carlton Winfrey is a native of Nashville, Tenn., and came to The Seattle Times as its politics editor in 2020. Before coming to Seattle, he was the city editor at the Detroit Free Press, where he also led the newspaper's high school apprenticeship program. Carlton also worked as an editor at the St. Louis Post-Dispatch and as the Opinion Page editor and as a reporter at the Flint Journal. He has taught journalism at Oakland (Michigan) University and at the Zambia Institute of Mass Communications in Lusaka, Zambia. He is a former board member and current advisory board member for Mariners Inn homeless shelter for men in Detroit. He is a member of the National Association of Black Journalists, the Seattle Association of Black Journalists and Alpha Phi Alpha Fraternity. He lives in Seattle's South End. 206-464-2075. cwinfrey@seattletimes.com. Twitter: @CarltonWinfrey. Claudia Rowe, a member of The Seattle Timesâ€™s original Education Lab reporting team, joined the editorial board in 2022. A groundbreaking effort to investigate state and local education challenges from a solutions-based perspective, Education Lab has since spawned similar models across the country. After five years on Ed Lab, Claudia left the newsroom in 2018 to begin work on her second book, which focuses on foster care. Her first, The Spider and the Fly, was published in 2017 and won the Washington State Book Award for memoir. For more than three decades, Claudia has focused her reporting on the intersection of young people and government systems, through coverage on education, child welfare and juvenile justice. A native of New York City, Claudia moved to Seattle in 2003 and has never looked back. 206-652-7611. Crowe@seattletimes.com. Twitter: @RoweReport. Josh Farley joined the editorial board in 2023 after nearly two decades in journalism on Washingtonâ€™s Kitsap Peninsula. Josh grew up in Wilsonville, Oregon, attended St. Maryâ€™s College of California, and got his start covering schools for the North Kitsap Herald in Poulsbo in 2003. He spent 17 years at the Kitsap Sun in Bremerton, working various beats including the courts, the military and city hall. Josh embraced nontraditional storytelling forms, hosting live tours, debates and even a monthly news trivia night. He enjoys hiking and freeing northwest trees from the irrepressible English Ivy. 206-464-8275. jfarley@seattletimes.com. Twitter: @joshfarley. MAGAZINE HOMEPAGE Bill Reader, magazine editor 206.464.2416. breader@seattletimes.com. Erik Lacitis, reporter 206.464.2237. elacitis@seattletimes.com. Twitter: @ErikLacitis. Brendan Kiley, reporter 206.464.2507. bkiley@seattletimes.com. Twitter: @brendankiley. Boo Billstein, designer 206.464.2985. bbillstein@seattletimes.com. Judy Averill, magazine desk editor 206.464.8252. javerill@seattletimes.com. PHOTO HOMEPAGE | VIDEO HOMEPAGE James Gregg, director of photography 206.464.8787. jgregg@seattletimes.com. Colin Diltz, photo editor 206.464.2047. cdiltz@seattletimes.com. Bettina Hansen, deputy director of photography 206.464.2175. bhansen@seattletimes.com. Twitter: @bettinahansen. Cara Brannan, associate photo editor 206.464.2203. cbrannan@seattletimes.com. Travis Ness, associate photo editor 206.464.2127. tness@seattletimes.com. Amanda Ray, associate photo editor 206.652.6520. aray@seattletimes.com. Ellen Banner, photographer 206.515.5084. ebanner@seattletimes.com. Jennifer Buchanan, photographer 206.464.8270. jbuchanan@seattletimes.com. Ivy Ceballo, photographer iceballo@seattletimes.com. Twitter: @IvyCeballo Kevin Clark, photographer kclark@seattletimes.com. Karen Ducey, photographer kducey@seattletimes.com. Lauren Frohne, lead video journalist 206.464.2049. lfrohne@seattletimes.com. Twitter: @laurenfrohne. Brandon Garcia, digital production assistant 206.464.2048. bgarcia@seattletimes.com. Ken Lambert, photographer 206.515.5581. klambert@seattletimes.com. Twitter: @SeaTimesFotoKen. Courtney Blethen Riffkin, digital production assistant 206.464.1941. criffkin@seattletimes.com. Twitter: @courtneyblethen. Dean Rutz, photographer 206.464.8303. drutz@seattletimes.com. Twitter: @deanrutz. Erika Schultz, photographer 206.464.8145. eschultz@seattletimes.com. Twitter: @ErikaJSchultz. Nick Wagner, photographer nwagner@seattletimes.com. Twitter: @WagsPhoto. Michelle Gutierrez, photo production assistant 206.652.6534. mgutierrez@seattletimes.com. SEAHAWKS | MARINERS | HUSKIES | HIGH SCHOOLS KRAKEN | STORM | SOUNDERS | COUGARS | REIGN Paul Barrett, sports editor 206.464.2093. pbarrett@seattletimes.com. Twitter: @paulbarrett6. Sean Quinton, assistant sports editor 206.652.6188. squinton@seattletimes.com. Twitter: @Quinton_Sean. Nathan Joyce, assistant sports editor 206.464.2176. njoyce@seattletimes.com. Twitter: @NathanAJoyce. Kyle Nabors, assistant sports editor 206.464.8541. knabors@seattletimes.com. Twitter: @KyleNabors. Chris Cole, sports producer 206.464.2229. ccole@seattletimes.com. Twitter: @ccole20. Percy Allen, basketball reporter 206.464.2278. pallen@seattletimes.com. Twitter: @percyallen. Tim Booth, sports reporter 206.464.8459. tbooth@seattletimes.com. Twitter: @ByTimBooth. Rich Boudet, sports page designer and graphic artist 206.464.2365. rboudet@seattletimes.com. Matt Calkins, sports columnist 206.464.3185. mcalkins@seattletimes.com. Twitter: @Matt_Calkins. Michael Chin, sports news assistant 206.464.2276. mchin@seattletimes.com. Bob Condotta, pro football reporter 206.515.5699. bcondotta@seattletimes.com. Twitter: @bcondotta. Chad Davis, sports desk editor 206.464.8135. cdavis@seattletimes.com. Ryan Divish, baseball reporter 206.464.2373. rdivish@seattletimes.com. Twitter: @RyanDivish. Steve Dominguez, sports desk editor 206.464.2124. sdominguez@seattletimes.com. Jayda Evans, soccer and high-school sports reporter 206.464.2067. jevans@seattletimes.com. Twitter: @JaydaEvans. Tony Guadagnoli, sports desk editor 206.464.8341. tguadagnoli@seattletimes.com. Scott Hanson, sports reporter/desk editor 206.464.2943. shanson@seattletimes.com. Twitter: @shansonSeaTimes. Adam Jude, enterprise and baseball reporter 206.464.2364. ajude@seattletimes.com. Twitter: @A_Jude. Herron Miller, sports desk editor 206.652.6190. hmiller@seattletimes.com. Kate Shefte, hockey reporter 206.464.8245. kshefte@seattletimes.com. Twitter: @KateShefte. Warner Strausbaugh, sports page designer 206.464.8249. wstrausbaugh@seattletimes.com. Mike Vorel, sports columnist 206.464.3292. mvorel@seattletimes.com. Twitter: @MikeVorel. Andy Yamashita, UW football reporter 206.464.3290. ayamashita@seattletimes.com. Twitter: @ANYamashita. Victor Yoshida, sports desk editor 206.464.8133. vyoshida@seattletimes.com. Twitter: @yoshida_victor.",,"['mayor', 'homeless', 'transportation']",7.0,2025-08-01T13:41:32.583429,21484
https://www.seattletimes.com/seattle-news/politics/race-for-citywide-seat-could-be-referendum-on-seattle-council/?utm_source=RSS&utm_medium=Referral&utm_campaign=RSS_seattle-news,Seattle Times RSS,Race for citywide seat could be referendum on Seattle Council,"<img src=""https://images.seattletimes.com/wp-content/uploads/2025/08/07312025_TZR_Sara_Nelson-Dionne_Foster_tzr_180330.jpg?d=1200x630"" /><br />It's likely to be among the most heated and expensive in Seattle behind only the mayorâ€™s race. The two also have one of the sharpest divides of any races.","Fri, 01 Aug 2025 06:00:00 -0700","['mayor', 'referendum', 'referendum (title)']",4.5,2025-08-01T13:42:29.645577,297
https://www.seattletimes.com/seattle-news/politics/in-seattle-mayor-race-independent-cash-backs-harrell-against-wilson/?utm_source=RSS&utm_medium=Referral&utm_campaign=RSS_seattle-news,Seattle Times RSS,"In Seattle mayor race, independent cash backs Harrell against Wilson","<img src=""https://images.seattletimes.com/wp-content/uploads/2025/08/07312025_TZR_Bruce_Harrell-Katie_Wilson_tzr_154846.jpg?d=1200x630"" /><br />In City Attorney and some council races, there are either clear front-runners in terms of fundraising or amounts are fairly evenly split among several candidates.","Fri, 01 Aug 2025 10:00:00 -0700","['mayor', 'mayor (title)']",4.5,2025-08-01T13:42:29.645577,306
https://www.king5.com/article/news/crime/police-surround-seattle-apartment-building-man-shot/281-02efb1cb-8842-4855-b21a-e570435cfeca,KING 5,Police surround Seattle apartment building after man is shot,A large police presence has gathered outside a building in Seattle where an alleged shooter is reportedly inside.,"Tue, 29 Jul 2025 20:40:12 GMT","['police', 'police (title)']",3.0,2025-08-01T13:42:29.650146,113
https://www.seattletimes.com/seattle-news/law-justice/man-charged-in-lummi-nation-police-officer-shooting/?utm_source=RSS&utm_medium=Referral&utm_campaign=RSS_seattle-news,Seattle Times RSS,Man charged in Lummi Nation police officer shooting,"<img src=""https://images.seattletimes.com/wp-content/uploads/2025/07/07312025_TZR_Lumi_Nation_tzr_143630.jpg?d=1200x630"" /><br />The tribal officer has undergone multiple surgeries and is still hospitalized after being shot seven times on Monday, the Whatcom County sheriff's office said.","Thu, 31 Jul 2025 15:16:23 -0700","['police', 'police (title)']",3.0,2025-08-01T13:42:29.647114,288
https://www.king5.com/article/news/crime/man-killed-shooting-near-uw-campus-suspect-fled/281-8bac91fc-892d-427a-b852-931590e3479b,KING 5,"Suspect intentionally guns down young father outside church near UW, witnesses and police say",The suspect was seen fleeing in a white Hyundai Elantra with black wheels and a shattered front passenger window.,"Fri, 01 Aug 2025 06:29:11 GMT","['police', 'police (title)']",3.0,2025-08-01T13:42:29.648140,113
https://www.king5.com/article/news/local/seattle-police-chief-targets-sex-trafficking-irresponsible-business-owners/281-5371b7fd-06ec-45b7-ab28-03a99bb81772,KING 5,"Six months in, Seattle police chief targets sex trafficking and 'irresponsible' business owners",Chief Shon Barnes sat down with KING 5 for an exclusive interview about his efforts to combat sex trafficking and other types of crime in Seattle.,"Fri, 01 Aug 2025 05:17:25 GMT","['police', 'police (title)']",3.0,2025-08-01T13:42:29.648140,146
https://www.king5.com/article/news/local/seattle/seattle-police-officer-crash/281-fd36ef4c-46ec-407b-b456-22ad13f198d5,KING 5,"Seattle police officer ran red light before t-bone crash, Uber driver, passenger say",One of the passengers in the Uber was taken to the hospital as a precaution to get checked out for a minor head injury.,"Fri, 01 Aug 2025 17:16:08 GMT","['police', 'police (title)']",3.0,2025-08-01T13:42:29.647114,119
https://www.seattletimes.com/seattle-news/law-justice/seattle-police-investigate-fatal-shooting-in-university-district/?utm_source=RSS&utm_medium=Referral&utm_campaign=RSS_seattle-news,Seattle Times RSS,Seattle police investigate fatal shooting outside University District church,"<img src=""https://images.seattletimes.com/wp-content/uploads/2025/07/07312025_tzr_tzr_210602.jpg?d=1200x630"" /><br />Seattle police were investigating a fatal shooting Thursday evening in the University District, spokesperson Detective Eric MuÃ±oz said.","Thu, 31 Jul 2025 19:44:56 -0700","['police', 'police (title)']",3.0,2025-08-01T13:42:29.647114,252
https://www.king5.com/article/news/local/lakewood-police-identify-two-suspects-shooting-at-harry-todd-park/281-406a2422-474a-480c-b043-44a09ed9d529,KING 5,Lakewood Police identify two suspects in shooting at Harry Todd Park,The shooting at the park happened at the end of May. Seven people were injured and police are working to arrest the two shooters they say are response.,"Wed, 30 Jul 2025 02:08:03 GMT","['police', 'police (title)']",3.0,2025-08-01T13:42:29.648140,151
https://www.seattletimes.com/seattle-news/law-justice/car-used-in-shooting-outside-u-district-church-found-on-fire-hours-later/?utm_source=RSS&utm_medium=Referral&utm_campaign=RSS_seattle-news,Seattle Times RSS,Car used in shooting outside U District church found on fire hours later,"<img src=""https://images.seattletimes.com/wp-content/uploads/2025/08/08012025_tzr_tzr_102747.jpg?d=1200x630"" /><br />Whoever drove the white Hyundai Elentra about two miles west of the shooting on Thursday in Seattle's University District had left by the time officers arrived, police said.","Fri, 01 Aug 2025 10:45:19 -0700",['police'],2.0,2025-08-01T13:42:29.645577,290
https://www.king5.com/article/news/crime/man-shot-in-chest-along-seattle-waterfront/281-7f8588ce-de76-4dd9-b034-9f1a96b16931,KING 5,Man shot in chest at Seattle waterfront; suspect in custody,Police say the shooting followed an argument between two men; the 68-year-old victim is hospitalized in serious but stable condition.,"Fri, 01 Aug 2025 05:49:59 GMT",['police'],2.0,2025-08-01T13:42:29.648140,133
https://www.seattletimes.com/seattle-news/law-justice/1-injured-1-arrested-in-seattle-waterfront-shooting/?utm_source=RSS&utm_medium=Referral&utm_campaign=RSS_seattle-news,Seattle Times RSS,"1 injured, 1 arrested in Seattle waterfront shooting","<img src=""https://images.seattletimes.com/wp-content/uploads/2025/07/07312025_tzr_tzr_164834.jpg?d=1200x630"" /><br />A man was shot in the chest Thursday evening on Seattle's waterfront between the aquarium and the ferry terminal, police said.","Thu, 31 Jul 2025 17:19:56 -0700",['police'],2.0,2025-08-01T13:42:29.647114,243
https://www.king5.com/article/news/crime/man-arrested-victim-dies-shooting-northgate/281-a8f25382-1bb9-4c81-93d2-31eb123becc9,KING 5,Man arrested after victim dies from shooting at Northgate Transit Center,"A 48-year-old victim who was shot in the head died at the hospital from their injuries on Tuesday, police say.","Thu, 31 Jul 2025 22:55:04 GMT",['police'],2.0,2025-08-01T13:42:29.648140,110
https://www.seattletimes.com/life/outdoors/was-national-parks-are-free-on-monday/?utm_source=RSS&utm_medium=Referral&utm_campaign=RSS_seattle-news,Seattle Times RSS,WAâ€™s national parks are free on Monday,"<img src=""https://images.seattletimes.com/wp-content/uploads/2025/08/08012025_crescent_tzr_065640.jpg?d=1200x630"" /><br />The free entrance day celebrates the fifth anniversary of the Great American Outdoors Act, a federal law which helped pay for maintenance on public lands.","Fri, 01 Aug 2025 07:07:48 -0700","['parks', 'parks (title)']",1.5,2025-08-01T13:42:29.645577,276
https://www.seattletimes.com/seattle-news/climate-lab/alaska-agency-takes-step-toward-drilling-in-arctic-wildlife-refuge/?utm_source=RSS&utm_medium=Referral&utm_campaign=RSS_seattle-news,Seattle Times RSS,Alaska agency takes step toward drilling in Arctic wildlife refuge,"<img src=""https://images.seattletimes.com/wp-content/uploads/2025/07/07312025_TZR_Arctic_National_Wildlife_Refuge-2017_t.jpg?d=1200x630"" /><br />A development agency is seeking bids to prepare for seismic testing that could one day lead to oil drilling in the Arctic National Wildlife Refuge.","Thu, 31 Jul 2025 16:11:43 -0700",['development'],1.0,2025-08-01T13:42:29.647114,292
https://www.seattletimes.com/seattle-news/law-justice/south-seattle-fires-being-investigated-as-arson/?utm_source=RSS&utm_medium=Referral&utm_campaign=RSS_seattle-news,Seattle Times RSS,South Seattle fires being investigated as arson,"<img src=""https://images.seattletimes.com/wp-content/uploads/2025/07/07312025_tzr_tzr_160436.jpg?d=1200x630"" /><br />The Seattle Fire Department determined four recent fires were intentionally set and called two others suspicious.","Thu, 31 Jul 2025 19:57:39 -0700",['fire department'],1.0,2025-08-01T13:42:29.647114,230
